r,s,pt,steps,y,H2Price
1,1,5,1,2023,0.1
1,1,5,1,2024,0.1
1,1,5,1,2025,0.1
1,1,5,1,2026,0.1
1,1,5,1,2027,0.1
1,1,5,1,2028,0.1
1,1,5,1,2029,0.1
1,1,5,1,2030,0.1
1,1,5,1,2031,0.1
1,1,5,1,2032,0.1
1,1,5,1,2033,0.1
1,1,5,1,2034,0.1
1,1,5,1,2035,0.1
1,1,5,1,2036,0.1
1,1,5,1,2037,0.1
1,1,5,1,2038,0.1
1,1,5,1,2039,0.1
1,1,5,1,2040,0.1
1,1,5,1,2041,0.1
1,1,5,1,2042,0.1
1,1,5,1,2043,0.1
1,1,5,1,2044,0.1
1,1,5,1,2045,0.1
1,1,5,1,2046,0.1
1,1,5,1,2047,0.1
1,1,5,1,2048,0.1
1,1,5,1,2049,0.1
1,1,5,1,2050,0.1
1,1,5,2,2023,0.2
1,1,5,2,2024,0.2
1,1,5,2,2025,0.2
1,1,5,2,2026,0.2
1,1,5,2,2027,0.2
1,1,5,2,2028,0.2
1,1,5,2,2029,0.2
1,1,5,2,2030,0.2
1,1,5,2,2031,0.2
1,1,5,2,2032,0.2
1,1,5,2,2033,0.2
1,1,5,2,2034,0.2
1,1,5,2,2035,0.2
1,1,5,2,2036,0.2
1,1,5,2,2037,0.2
1,1,5,2,2038,0.2
1,1,5,2,2039,0.2
1,1,5,2,2040,0.2
1,1,5,2,2041,0.2
1,1,5,2,2042,0.2
1,1,5,2,2043,0.2
1,1,5,2,2044,0.2
1,1,5,2,2045,0.2
1,1,5,2,2046,0.2
1,1,5,2,2047,0.2
1,1,5,2,2048,0.2
1,1,5,2,2049,0.2
1,1,5,2,2050,0.2
1,1,5,3,2023,0.3
1,1,5,3,2024,0.3
1,1,5,3,2025,0.3
1,1,5,3,2026,0.3
1,1,5,3,2027,0.3
1,1,5,3,2028,0.3
1,1,5,3,2029,0.3
1,1,5,3,2030,0.3
1,1,5,3,2031,0.3
1,1,5,3,2032,0.3
1,1,5,3,2033,0.3
1,1,5,3,2034,0.3
1,1,5,3,2035,0.3
1,1,5,3,2036,0.3
1,1,5,3,2037,0.3
1,1,5,3,2038,0.3
1,1,5,3,2039,0.3
1,1,5,3,2040,0.3
1,1,5,3,2041,0.3
1,1,5,3,2042,0.3
1,1,5,3,2043,0.3
1,1,5,3,2044,0.3
1,1,5,3,2045,0.3
1,1,5,3,2046,0.3
1,1,5,3,2047,0.3
1,1,5,3,2048,0.3
1,1,5,3,2049,0.3
1,1,5,3,2050,0.3
1,2,5,1,2023,999.0
1,2,5,1,2024,999.0
1,2,5,1,2025,999.0
1,2,5,1,2026,999.0
1,2,5,1,2027,999.0
1,2,5,1,2028,999.0
1,2,5,1,2029,999.0
1,2,5,1,2030,999.0
1,2,5,1,2031,999.0
1,2,5,1,2032,999.0
1,2,5,1,2033,999.0
1,2,5,1,2034,999.0
1,2,5,1,2035,999.0
1,2,5,1,2036,999.0
1,2,5,1,2037,999.0
1,2,5,1,2038,999.0
1,2,5,1,2039,999.0
1,2,5,1,2040,999.0
1,2,5,1,2041,999.0
1,2,5,1,2042,999.0
1,2,5,1,2043,999.0
1,2,5,1,2044,999.0
1,2,5,1,2045,999.0
1,2,5,1,2046,999.0
1,2,5,1,2047,999.0
1,2,5,1,2048,999.0
1,2,5,1,2049,999.0
1,2,5,1,2050,999.0
1,3,5,1,2023,0.1
1,3,5,1,2024,0.1
1,3,5,1,2025,0.1
1,3,5,1,2026,0.1
1,3,5,1,2027,0.1
1,3,5,1,2028,0.1
1,3,5,1,2029,0.1
1,3,5,1,2030,0.1
1,3,5,1,2031,0.1
1,3,5,1,2032,0.1
1,3,5,1,2033,0.1
1,3,5,1,2034,0.1
1,3,5,1,2035,0.1
1,3,5,1,2036,0.1
1,3,5,1,2037,0.1
1,3,5,1,2038,0.1
1,3,5,1,2039,0.1
1,3,5,1,2040,0.1
1,3,5,1,2041,0.1
1,3,5,1,2042,0.1
1,3,5,1,2043,0.1
1,3,5,1,2044,0.1
1,3,5,1,2045,0.1
1,3,5,1,2046,0.1
1,3,5,1,2047,0.1
1,3,5,1,2048,0.1
1,3,5,1,2049,0.1
1,3,5,1,2050,0.1
1,4,5,1,2023,0.1
1,4,5,1,2024,0.1
1,4,5,1,2025,0.1
1,4,5,1,2026,0.1
1,4,5,1,2027,0.1
1,4,5,1,2028,0.1
1,4,5,1,2029,0.1
1,4,5,1,2030,0.1
1,4,5,1,2031,0.1
1,4,5,1,2032,0.1
1,4,5,1,2033,0.1
1,4,5,1,2034,0.1
1,4,5,1,2035,0.1
1,4,5,1,2036,0.1
1,4,5,1,2037,0.1
1,4,5,1,2038,0.1
1,4,5,1,2039,0.1
1,4,5,1,2040,0.1
1,4,5,1,2041,0.1
1,4,5,1,2042,0.1
1,4,5,1,2043,0.1
1,4,5,1,2044,0.1
1,4,5,1,2045,0.1
1,4,5,1,2046,0.1
1,4,5,1,2047,0.1
1,4,5,1,2048,0.1
1,4,5,1,2049,0.1
1,4,5,1,2050,0.1
2,1,5,1,2023,0.1
2,1,5,1,2024,0.1
2,1,5,1,2025,0.1
2,1,5,1,2026,0.1
2,1,5,1,2027,0.1
2,1,5,1,2028,0.1
2,1,5,1,2029,0.1
2,1,5,1,2030,0.1
2,1,5,1,2031,0.1
2,1,5,1,2032,0.1
2,1,5,1,2033,0.1
2,1,5,1,2034,0.1
2,1,5,1,2035,0.1
2,1,5,1,2036,0.1
2,1,5,1,2037,0.1
2,1,5,1,2038,0.1
2,1,5,1,2039,0.1
2,1,5,1,2040,0.1
2,1,5,1,2041,0.1
2,1,5,1,2042,0.1
2,1,5,1,2043,0.1
2,1,5,1,2044,0.1
2,1,5,1,2045,0.1
2,1,5,1,2046,0.1
2,1,5,1,2047,0.1
2,1,5,1,2048,0.1
2,1,5,1,2049,0.1
2,1,5,1,2050,0.1
2,1,5,2,2023,0.2
2,1,5,2,2024,0.2
2,1,5,2,2025,0.2
2,1,5,2,2026,0.2
2,1,5,2,2027,0.2
2,1,5,2,2028,0.2
2,1,5,2,2029,0.2
2,1,5,2,2030,0.2
2,1,5,2,2031,0.2
2,1,5,2,2032,0.2
2,1,5,2,2033,0.2
2,1,5,2,2034,0.2
2,1,5,2,2035,0.2
2,1,5,2,2036,0.2
2,1,5,2,2037,0.2
2,1,5,2,2038,0.2
2,1,5,2,2039,0.2
2,1,5,2,2040,0.2
2,1,5,2,2041,0.2
2,1,5,2,2042,0.2
2,1,5,2,2043,0.2
2,1,5,2,2044,0.2
2,1,5,2,2045,0.2
2,1,5,2,2046,0.2
2,1,5,2,2047,0.2
2,1,5,2,2048,0.2
2,1,5,2,2049,0.2
2,1,5,2,2050,0.2
2,1,5,3,2023,0.3
2,1,5,3,2024,0.3
2,1,5,3,2025,0.3
2,1,5,3,2026,0.3
2,1,5,3,2027,0.3
2,1,5,3,2028,0.3
2,1,5,3,2029,0.3
2,1,5,3,2030,0.3
2,1,5,3,2031,0.3
2,1,5,3,2032,0.3
2,1,5,3,2033,0.3
2,1,5,3,2034,0.3
2,1,5,3,2035,0.3
2,1,5,3,2036,0.3
2,1,5,3,2037,0.3
2,1,5,3,2038,0.3
2,1,5,3,2039,0.3
2,1,5,3,2040,0.3
2,1,5,3,2041,0.3
2,1,5,3,2042,0.3
2,1,5,3,2043,0.3
2,1,5,3,2044,0.3
2,1,5,3,2045,0.3
2,1,5,3,2046,0.3
2,1,5,3,2047,0.3
2,1,5,3,2048,0.3
2,1,5,3,2049,0.3
2,1,5,3,2050,0.3
2,2,5,1,2023,999.0
2,2,5,1,2024,999.0
2,2,5,1,2025,999.0
2,2,5,1,2026,999.0
2,2,5,1,2027,999.0
2,2,5,1,2028,999.0
2,2,5,1,2029,999.0
2,2,5,1,2030,999.0
2,2,5,1,2031,999.0
2,2,5,1,2032,999.0
2,2,5,1,2033,999.0
2,2,5,1,2034,999.0
2,2,5,1,2035,999.0
2,2,5,1,2036,999.0
2,2,5,1,2037,999.0
2,2,5,1,2038,999.0
2,2,5,1,2039,999.0
2,2,5,1,2040,999.0
2,2,5,1,2041,999.0
2,2,5,1,2042,999.0
2,2,5,1,2043,999.0
2,2,5,1,2044,999.0
2,2,5,1,2045,999.0
2,2,5,1,2046,999.0
2,2,5,1,2047,999.0
2,2,5,1,2048,999.0
2,2,5,1,2049,999.0
2,2,5,1,2050,999.0
2,3,5,1,2023,0.1
2,3,5,1,2024,0.1
2,3,5,1,2025,0.1
2,3,5,1,2026,0.1
2,3,5,1,2027,0.1
2,3,5,1,2028,0.1
2,3,5,1,2029,0.1
2,3,5,1,2030,0.1
2,3,5,1,2031,0.1
2,3,5,1,2032,0.1
2,3,5,1,2033,0.1
2,3,5,1,2034,0.1
2,3,5,1,2035,0.1
2,3,5,1,2036,0.1
2,3,5,1,2037,0.1
2,3,5,1,2038,0.1
2,3,5,1,2039,0.1
2,3,5,1,2040,0.1
2,3,5,1,2041,0.1
2,3,5,1,2042,0.1
2,3,5,1,2043,0.1
2,3,5,1,2044,0.1
2,3,5,1,2045,0.1
2,3,5,1,2046,0.1
2,3,5,1,2047,0.1
2,3,5,1,2048,0.1
2,3,5,1,2049,0.1
2,3,5,1,2050,0.1
2,4,5,1,2023,0.1
2,4,5,1,2024,0.1
2,4,5,1,2025,0.1
2,4,5,1,2026,0.1
2,4,5,1,2027,0.1
2,4,5,1,2028,0.1
2,4,5,1,2029,0.1
2,4,5,1,2030,0.1
2,4,5,1,2031,0.1
2,4,5,1,2032,0.1
2,4,5,1,2033,0.1
2,4,5,1,2034,0.1
2,4,5,1,2035,0.1
2,4,5,1,2036,0.1
2,4,5,1,2037,0.1
2,4,5,1,2038,0.1
2,4,5,1,2039,0.1
2,4,5,1,2040,0.1
2,4,5,1,2041,0.1
2,4,5,1,2042,0.1
2,4,5,1,2043,0.1
2,4,5,1,2044,0.1
2,4,5,1,2045,0.1
2,4,5,1,2046,0.1
2,4,5,1,2047,0.1
2,4,5,1,2048,0.1
2,4,5,1,2049,0.1
2,4,5,1,2050,0.1
3,1,5,1,2023,0.1
3,1,5,1,2024,0.1
3,1,5,1,2025,0.1
3,1,5,1,2026,0.1
3,1,5,1,2027,0.1
3,1,5,1,2028,0.1
3,1,5,1,2029,0.1
3,1,5,1,2030,0.1
3,1,5,1,2031,0.1
3,1,5,1,2032,0.1
3,1,5,1,2033,0.1
3,1,5,1,2034,0.1
3,1,5,1,2035,0.1
3,1,5,1,2036,0.1
3,1,5,1,2037,0.1
3,1,5,1,2038,0.1
3,1,5,1,2039,0.1
3,1,5,1,2040,0.1
3,1,5,1,2041,0.1
3,1,5,1,2042,0.1
3,1,5,1,2043,0.1
3,1,5,1,2044,0.1
3,1,5,1,2045,0.1
3,1,5,1,2046,0.1
3,1,5,1,2047,0.1
3,1,5,1,2048,0.1
3,1,5,1,2049,0.1
3,1,5,1,2050,0.1
3,1,5,2,2023,0.2
3,1,5,2,2024,0.2
3,1,5,2,2025,0.2
3,1,5,2,2026,0.2
3,1,5,2,2027,0.2
3,1,5,2,2028,0.2
3,1,5,2,2029,0.2
3,1,5,2,2030,0.2
3,1,5,2,2031,0.2
3,1,5,2,2032,0.2
3,1,5,2,2033,0.2
3,1,5,2,2034,0.2
3,1,5,2,2035,0.2
3,1,5,2,2036,0.2
3,1,5,2,2037,0.2
3,1,5,2,2038,0.2
3,1,5,2,2039,0.2
3,1,5,2,2040,0.2
3,1,5,2,2041,0.2
3,1,5,2,2042,0.2
3,1,5,2,2043,0.2
3,1,5,2,2044,0.2
3,1,5,2,2045,0.2
3,1,5,2,2046,0.2
3,1,5,2,2047,0.2
3,1,5,2,2048,0.2
3,1,5,2,2049,0.2
3,1,5,2,2050,0.2
3,1,5,3,2023,0.3
3,1,5,3,2024,0.3
3,1,5,3,2025,0.3
3,1,5,3,2026,0.3
3,1,5,3,2027,0.3
3,1,5,3,2028,0.3
3,1,5,3,2029,0.3
3,1,5,3,2030,0.3
3,1,5,3,2031,0.3
3,1,5,3,2032,0.3
3,1,5,3,2033,0.3
3,1,5,3,2034,0.3
3,1,5,3,2035,0.3
3,1,5,3,2036,0.3
3,1,5,3,2037,0.3
3,1,5,3,2038,0.3
3,1,5,3,2039,0.3
3,1,5,3,2040,0.3
3,1,5,3,2041,0.3
3,1,5,3,2042,0.3
3,1,5,3,2043,0.3
3,1,5,3,2044,0.3
3,1,5,3,2045,0.3
3,1,5,3,2046,0.3
3,1,5,3,2047,0.3
3,1,5,3,2048,0.3
3,1,5,3,2049,0.3
3,1,5,3,2050,0.3
3,2,5,1,2023,999.0
3,2,5,1,2024,999.0
3,2,5,1,2025,999.0
3,2,5,1,2026,999.0
3,2,5,1,2027,999.0
3,2,5,1,2028,999.0
3,2,5,1,2029,999.0
3,2,5,1,2030,999.0
3,2,5,1,2031,999.0
3,2,5,1,2032,999.0
3,2,5,1,2033,999.0
3,2,5,1,2034,999.0
3,2,5,1,2035,999.0
3,2,5,1,2036,999.0
3,2,5,1,2037,999.0
3,2,5,1,2038,999.0
3,2,5,1,2039,999.0
3,2,5,1,2040,999.0
3,2,5,1,2041,999.0
3,2,5,1,2042,999.0
3,2,5,1,2043,999.0
3,2,5,1,2044,999.0
3,2,5,1,2045,999.0
3,2,5,1,2046,999.0
3,2,5,1,2047,999.0
3,2,5,1,2048,999.0
3,2,5,1,2049,999.0
3,2,5,1,2050,999.0
3,3,5,1,2023,0.1
3,3,5,1,2024,0.1
3,3,5,1,2025,0.1
3,3,5,1,2026,0.1
3,3,5,1,2027,0.1
3,3,5,1,2028,0.1
3,3,5,1,2029,0.1
3,3,5,1,2030,0.1
3,3,5,1,2031,0.1
3,3,5,1,2032,0.1
3,3,5,1,2033,0.1
3,3,5,1,2034,0.1
3,3,5,1,2035,0.1
3,3,5,1,2036,0.1
3,3,5,1,2037,0.1
3,3,5,1,2038,0.1
3,3,5,1,2039,0.1
3,3,5,1,2040,0.1
3,3,5,1,2041,0.1
3,3,5,1,2042,0.1
3,3,5,1,2043,0.1
3,3,5,1,2044,0.1
3,3,5,1,2045,0.1
3,3,5,1,2046,0.1
3,3,5,1,2047,0.1
3,3,5,1,2048,0.1
3,3,5,1,2049,0.1
3,3,5,1,2050,0.1
3,4,5,1,2023,0.1
3,4,5,1,2024,0.1
3,4,5,1,2025,0.1
3,4,5,1,2026,0.1
3,4,5,1,2027,0.1
3,4,5,1,2028,0.1
3,4,5,1,2029,0.1
3,4,5,1,2030,0.1
3,4,5,1,2031,0.1
3,4,5,1,2032,0.1
3,4,5,1,2033,0.1
3,4,5,1,2034,0.1
3,4,5,1,2035,0.1
3,4,5,1,2036,0.1
3,4,5,1,2037,0.1
3,4,5,1,2038,0.1
3,4,5,1,2039,0.1
3,4,5,1,2040,0.1
3,4,5,1,2041,0.1
3,4,5,1,2042,0.1
3,4,5,1,2043,0.1
3,4,5,1,2044,0.1
3,4,5,1,2045,0.1
3,4,5,1,2046,0.1
3,4,5,1,2047,0.1
3,4,5,1,2048,0.1
3,4,5,1,2049,0.1
3,4,5,1,2050,0.1
4,1,5,1,2023,0.1
4,1,5,1,2024,0.1
4,1,5,1,2025,0.1
4,1,5,1,2026,0.1
4,1,5,1,2027,0.1
4,1,5,1,2028,0.1
4,1,5,1,2029,0.1
4,1,5,1,2030,0.1
4,1,5,1,2031,0.1
4,1,5,1,2032,0.1
4,1,5,1,2033,0.1
4,1,5,1,2034,0.1
4,1,5,1,2035,0.1
4,1,5,1,2036,0.1
4,1,5,1,2037,0.1
4,1,5,1,2038,0.1
4,1,5,1,2039,0.1
4,1,5,1,2040,0.1
4,1,5,1,2041,0.1
4,1,5,1,2042,0.1
4,1,5,1,2043,0.1
4,1,5,1,2044,0.1
4,1,5,1,2045,0.1
4,1,5,1,2046,0.1
4,1,5,1,2047,0.1
4,1,5,1,2048,0.1
4,1,5,1,2049,0.1
4,1,5,1,2050,0.1
4,1,5,2,2023,0.2
4,1,5,2,2024,0.2
4,1,5,2,2025,0.2
4,1,5,2,2026,0.2
4,1,5,2,2027,0.2
4,1,5,2,2028,0.2
4,1,5,2,2029,0.2
4,1,5,2,2030,0.2
4,1,5,2,2031,0.2
4,1,5,2,2032,0.2
4,1,5,2,2033,0.2
4,1,5,2,2034,0.2
4,1,5,2,2035,0.2
4,1,5,2,2036,0.2
4,1,5,2,2037,0.2
4,1,5,2,2038,0.2
4,1,5,2,2039,0.2
4,1,5,2,2040,0.2
4,1,5,2,2041,0.2
4,1,5,2,2042,0.2
4,1,5,2,2043,0.2
4,1,5,2,2044,0.2
4,1,5,2,2045,0.2
4,1,5,2,2046,0.2
4,1,5,2,2047,0.2
4,1,5,2,2048,0.2
4,1,5,2,2049,0.2
4,1,5,2,2050,0.2
4,1,5,3,2023,0.3
4,1,5,3,2024,0.3
4,1,5,3,2025,0.3
4,1,5,3,2026,0.3
4,1,5,3,2027,0.3
4,1,5,3,2028,0.3
4,1,5,3,2029,0.3
4,1,5,3,2030,0.3
4,1,5,3,2031,0.3
4,1,5,3,2032,0.3
4,1,5,3,2033,0.3
4,1,5,3,2034,0.3
4,1,5,3,2035,0.3
4,1,5,3,2036,0.3
4,1,5,3,2037,0.3
4,1,5,3,2038,0.3
4,1,5,3,2039,0.3
4,1,5,3,2040,0.3
4,1,5,3,2041,0.3
4,1,5,3,2042,0.3
4,1,5,3,2043,0.3
4,1,5,3,2044,0.3
4,1,5,3,2045,0.3
4,1,5,3,2046,0.3
4,1,5,3,2047,0.3
4,1,5,3,2048,0.3
4,1,5,3,2049,0.3
4,1,5,3,2050,0.3
4,2,5,1,2023,999.0
4,2,5,1,2024,999.0
4,2,5,1,2025,999.0
4,2,5,1,2026,999.0
4,2,5,1,2027,999.0
4,2,5,1,2028,999.0
4,2,5,1,2029,999.0
4,2,5,1,2030,999.0
4,2,5,1,2031,999.0
4,2,5,1,2032,999.0
4,2,5,1,2033,999.0
4,2,5,1,2034,999.0
4,2,5,1,2035,999.0
4,2,5,1,2036,999.0
4,2,5,1,2037,999.0
4,2,5,1,2038,999.0
4,2,5,1,2039,999.0
4,2,5,1,2040,999.0
4,2,5,1,2041,999.0
4,2,5,1,2042,999.0
4,2,5,1,2043,999.0
4,2,5,1,2044,999.0
4,2,5,1,2045,999.0
4,2,5,1,2046,999.0
4,2,5,1,2047,999.0
4,2,5,1,2048,999.0
4,2,5,1,2049,999.0
4,2,5,1,2050,999.0
4,3,5,1,2023,0.1
4,3,5,1,2024,0.1
4,3,5,1,2025,0.1
4,3,5,1,2026,0.1
4,3,5,1,2027,0.1
4,3,5,1,2028,0.1
4,3,5,1,2029,0.1
4,3,5,1,2030,0.1
4,3,5,1,2031,0.1
4,3,5,1,2032,0.1
4,3,5,1,2033,0.1
4,3,5,1,2034,0.1
4,3,5,1,2035,0.1
4,3,5,1,2036,0.1
4,3,5,1,2037,0.1
4,3,5,1,2038,0.1
4,3,5,1,2039,0.1
4,3,5,1,2040,0.1
4,3,5,1,2041,0.1
4,3,5,1,2042,0.1
4,3,5,1,2043,0.1
4,3,5,1,2044,0.1
4,3,5,1,2045,0.1
4,3,5,1,2046,0.1
4,3,5,1,2047,0.1
4,3,5,1,2048,0.1
4,3,5,1,2049,0.1
4,3,5,1,2050,0.1
4,4,5,1,2023,0.1
4,4,5,1,2024,0.1
4,4,5,1,2025,0.1
4,4,5,1,2026,0.1
4,4,5,1,2027,0.1
4,4,5,1,2028,0.1
4,4,5,1,2029,0.1
4,4,5,1,2030,0.1
4,4,5,1,2031,0.1
4,4,5,1,2032,0.1
4,4,5,1,2033,0.1
4,4,5,1,2034,0.1
4,4,5,1,2035,0.1
4,4,5,1,2036,0.1
4,4,5,1,2037,0.1
4,4,5,1,2038,0.1
4,4,5,1,2039,0.1
4,4,5,1,2040,0.1
4,4,5,1,2041,0.1
4,4,5,1,2042,0.1
4,4,5,1,2043,0.1
4,4,5,1,2044,0.1
4,4,5,1,2045,0.1
4,4,5,1,2046,0.1
4,4,5,1,2047,0.1
4,4,5,1,2048,0.1
4,4,5,1,2049,0.1
4,4,5,1,2050,0.1
5,1,5,1,2023,0.1
5,1,5,1,2024,0.1
5,1,5,1,2025,0.1
5,1,5,1,2026,0.1
5,1,5,1,2027,0.1
5,1,5,1,2028,0.1
5,1,5,1,2029,0.1
5,1,5,1,2030,0.1
5,1,5,1,2031,0.1
5,1,5,1,2032,0.1
5,1,5,1,2033,0.1
5,1,5,1,2034,0.1
5,1,5,1,2035,0.1
5,1,5,1,2036,0.1
5,1,5,1,2037,0.1
5,1,5,1,2038,0.1
5,1,5,1,2039,0.1
5,1,5,1,2040,0.1
5,1,5,1,2041,0.1
5,1,5,1,2042,0.1
5,1,5,1,2043,0.1
5,1,5,1,2044,0.1
5,1,5,1,2045,0.1
5,1,5,1,2046,0.1
5,1,5,1,2047,0.1
5,1,5,1,2048,0.1
5,1,5,1,2049,0.1
5,1,5,1,2050,0.1
5,1,5,2,2023,0.2
5,1,5,2,2024,0.2
5,1,5,2,2025,0.2
5,1,5,2,2026,0.2
5,1,5,2,2027,0.2
5,1,5,2,2028,0.2
5,1,5,2,2029,0.2
5,1,5,2,2030,0.2
5,1,5,2,2031,0.2
5,1,5,2,2032,0.2
5,1,5,2,2033,0.2
5,1,5,2,2034,0.2
5,1,5,2,2035,0.2
5,1,5,2,2036,0.2
5,1,5,2,2037,0.2
5,1,5,2,2038,0.2
5,1,5,2,2039,0.2
5,1,5,2,2040,0.2
5,1,5,2,2041,0.2
5,1,5,2,2042,0.2
5,1,5,2,2043,0.2
5,1,5,2,2044,0.2
5,1,5,2,2045,0.2
5,1,5,2,2046,0.2
5,1,5,2,2047,0.2
5,1,5,2,2048,0.2
5,1,5,2,2049,0.2
5,1,5,2,2050,0.2
5,1,5,3,2023,0.3
5,1,5,3,2024,0.3
5,1,5,3,2025,0.3
5,1,5,3,2026,0.3
5,1,5,3,2027,0.3
5,1,5,3,2028,0.3
5,1,5,3,2029,0.3
5,1,5,3,2030,0.3
5,1,5,3,2031,0.3
5,1,5,3,2032,0.3
5,1,5,3,2033,0.3
5,1,5,3,2034,0.3
5,1,5,3,2035,0.3
5,1,5,3,2036,0.3
5,1,5,3,2037,0.3
5,1,5,3,2038,0.3
5,1,5,3,2039,0.3
5,1,5,3,2040,0.3
5,1,5,3,2041,0.3
5,1,5,3,2042,0.3
5,1,5,3,2043,0.3
5,1,5,3,2044,0.3
5,1,5,3,2045,0.3
5,1,5,3,2046,0.3
5,1,5,3,2047,0.3
5,1,5,3,2048,0.3
5,1,5,3,2049,0.3
5,1,5,3,2050,0.3
5,2,5,1,2023,999.0
5,2,5,1,2024,999.0
5,2,5,1,2025,999.0
5,2,5,1,2026,999.0
5,2,5,1,2027,999.0
5,2,5,1,2028,999.0
5,2,5,1,2029,999.0
5,2,5,1,2030,999.0
5,2,5,1,2031,999.0
5,2,5,1,2032,999.0
5,2,5,1,2033,999.0
5,2,5,1,2034,999.0
5,2,5,1,2035,999.0
5,2,5,1,2036,999.0
5,2,5,1,2037,999.0
5,2,5,1,2038,999.0
5,2,5,1,2039,999.0
5,2,5,1,2040,999.0
5,2,5,1,2041,999.0
5,2,5,1,2042,999.0
5,2,5,1,2043,999.0
5,2,5,1,2044,999.0
5,2,5,1,2045,999.0
5,2,5,1,2046,999.0
5,2,5,1,2047,999.0
5,2,5,1,2048,999.0
5,2,5,1,2049,999.0
5,2,5,1,2050,999.0
5,3,5,1,2023,0.1
5,3,5,1,2024,0.1
5,3,5,1,2025,0.1
5,3,5,1,2026,0.1
5,3,5,1,2027,0.1
5,3,5,1,2028,0.1
5,3,5,1,2029,0.1
5,3,5,1,2030,0.1
5,3,5,1,2031,0.1
5,3,5,1,2032,0.1
5,3,5,1,2033,0.1
5,3,5,1,2034,0.1
5,3,5,1,2035,0.1
5,3,5,1,2036,0.1
5,3,5,1,2037,0.1
5,3,5,1,2038,0.1
5,3,5,1,2039,0.1
5,3,5,1,2040,0.1
5,3,5,1,2041,0.1
5,3,5,1,2042,0.1
5,3,5,1,2043,0.1
5,3,5,1,2044,0.1
5,3,5,1,2045,0.1
5,3,5,1,2046,0.1
5,3,5,1,2047,0.1
5,3,5,1,2048,0.1
5,3,5,1,2049,0.1
5,3,5,1,2050,0.1
5,4,5,1,2023,0.1
5,4,5,1,2024,0.1
5,4,5,1,2025,0.1
5,4,5,1,2026,0.1
5,4,5,1,2027,0.1
5,4,5,1,2028,0.1
5,4,5,1,2029,0.1
5,4,5,1,2030,0.1
5,4,5,1,2031,0.1
5,4,5,1,2032,0.1
5,4,5,1,2033,0.1
5,4,5,1,2034,0.1
5,4,5,1,2035,0.1
5,4,5,1,2036,0.1
5,4,5,1,2037,0.1
5,4,5,1,2038,0.1
5,4,5,1,2039,0.1
5,4,5,1,2040,0.1
5,4,5,1,2041,0.1
5,4,5,1,2042,0.1
5,4,5,1,2043,0.1
5,4,5,1,2044,0.1
5,4,5,1,2045,0.1
5,4,5,1,2046,0.1
5,4,5,1,2047,0.1
5,4,5,1,2048,0.1
5,4,5,1,2049,0.1
5,4,5,1,2050,0.1
6,1,5,1,2023,0.09999999999999999
6,1,5,1,2024,0.09999999999999999
6,1,5,1,2025,0.09999999999999999
6,1,5,1,2026,0.09999999999999999
6,1,5,1,2027,0.09999999999999999
6,1,5,1,2028,0.09999999999999999
6,1,5,1,2029,0.09999999999999999
6,1,5,1,2030,0.09999999999999999
6,1,5,1,2031,0.09999999999999999
6,1,5,1,2032,0.09999999999999999
6,1,5,1,2033,0.09999999999999999
6,1,5,1,2034,0.09999999999999999
6,1,5,1,2035,0.09999999999999999
6,1,5,1,2036,0.09999999999999999
6,1,5,1,2037,0.09999999999999999
6,1,5,1,2038,0.09999999999999999
6,1,5,1,2039,0.09999999999999999
6,1,5,1,2040,0.09999999999999999
6,1,5,1,2041,0.09999999999999999
6,1,5,1,2042,0.09999999999999999
6,1,5,1,2043,0.09999999999999999
6,1,5,1,2044,0.09999999999999999
6,1,5,1,2045,0.09999999999999999
6,1,5,1,2046,0.09999999999999999
6,1,5,1,2047,0.09999999999999999
6,1,5,1,2048,0.09999999999999999
6,1,5,1,2049,0.09999999999999999
6,1,5,1,2050,0.09999999999999999
6,1,5,2,2023,0.19999999999999998
6,1,5,2,2024,0.19999999999999998
6,1,5,2,2025,0.19999999999999998
6,1,5,2,2026,0.19999999999999998
6,1,5,2,2027,0.19999999999999998
6,1,5,2,2028,0.19999999999999998
6,1,5,2,2029,0.19999999999999998
6,1,5,2,2030,0.19999999999999998
6,1,5,2,2031,0.19999999999999998
6,1,5,2,2032,0.19999999999999998
6,1,5,2,2033,0.19999999999999998
6,1,5,2,2034,0.19999999999999998
6,1,5,2,2035,0.19999999999999998
6,1,5,2,2036,0.19999999999999998
6,1,5,2,2037,0.19999999999999998
6,1,5,2,2038,0.19999999999999998
6,1,5,2,2039,0.19999999999999998
6,1,5,2,2040,0.19999999999999998
6,1,5,2,2041,0.19999999999999998
6,1,5,2,2042,0.19999999999999998
6,1,5,2,2043,0.19999999999999998
6,1,5,2,2044,0.19999999999999998
6,1,5,2,2045,0.19999999999999998
6,1,5,2,2046,0.19999999999999998
6,1,5,2,2047,0.19999999999999998
6,1,5,2,2048,0.19999999999999998
6,1,5,2,2049,0.19999999999999998
6,1,5,2,2050,0.19999999999999998
6,1,5,3,2023,0.3
6,1,5,3,2024,0.3
6,1,5,3,2025,0.3
6,1,5,3,2026,0.3
6,1,5,3,2027,0.3
6,1,5,3,2028,0.3
6,1,5,3,2029,0.3
6,1,5,3,2030,0.3
6,1,5,3,2031,0.3
6,1,5,3,2032,0.3
6,1,5,3,2033,0.3
6,1,5,3,2034,0.3
6,1,5,3,2035,0.3
6,1,5,3,2036,0.3
6,1,5,3,2037,0.3
6,1,5,3,2038,0.3
6,1,5,3,2039,0.3
6,1,5,3,2040,0.3
6,1,5,3,2041,0.3
6,1,5,3,2042,0.3
6,1,5,3,2043,0.3
6,1,5,3,2044,0.3
6,1,5,3,2045,0.3
6,1,5,3,2046,0.3
6,1,5,3,2047,0.3
6,1,5,3,2048,0.3
6,1,5,3,2049,0.3
6,1,5,3,2050,0.3
6,2,5,1,2023,999.0
6,2,5,1,2024,999.0
6,2,5,1,2025,999.0
6,2,5,1,2026,999.0
6,2,5,1,2027,999.0
6,2,5,1,2028,999.0
6,2,5,1,2029,999.0
6,2,5,1,2030,999.0
6,2,5,1,2031,999.0
6,2,5,1,2032,999.0
6,2,5,1,2033,999.0
6,2,5,1,2034,999.0
6,2,5,1,2035,999.0
6,2,5,1,2036,999.0
6,2,5,1,2037,999.0
6,2,5,1,2038,999.0
6,2,5,1,2039,999.0
6,2,5,1,2040,999.0
6,2,5,1,2041,999.0
6,2,5,1,2042,999.0
6,2,5,1,2043,999.0
6,2,5,1,2044,999.0
6,2,5,1,2045,999.0
6,2,5,1,2046,999.0
6,2,5,1,2047,999.0
6,2,5,1,2048,999.0
6,2,5,1,2049,999.0
6,2,5,1,2050,999.0
6,3,5,1,2023,0.09999999999999999
6,3,5,1,2024,0.09999999999999999
6,3,5,1,2025,0.09999999999999999
6,3,5,1,2026,0.09999999999999999
6,3,5,1,2027,0.09999999999999999
6,3,5,1,2028,0.09999999999999999
6,3,5,1,2029,0.09999999999999999
6,3,5,1,2030,0.09999999999999999
6,3,5,1,2031,0.09999999999999999
6,3,5,1,2032,0.09999999999999999
6,3,5,1,2033,0.09999999999999999
6,3,5,1,2034,0.09999999999999999
6,3,5,1,2035,0.09999999999999999
6,3,5,1,2036,0.09999999999999999
6,3,5,1,2037,0.09999999999999999
6,3,5,1,2038,0.09999999999999999
6,3,5,1,2039,0.09999999999999999
6,3,5,1,2040,0.09999999999999999
6,3,5,1,2041,0.09999999999999999
6,3,5,1,2042,0.09999999999999999
6,3,5,1,2043,0.09999999999999999
6,3,5,1,2044,0.09999999999999999
6,3,5,1,2045,0.09999999999999999
6,3,5,1,2046,0.09999999999999999
6,3,5,1,2047,0.09999999999999999
6,3,5,1,2048,0.09999999999999999
6,3,5,1,2049,0.09999999999999999
6,3,5,1,2050,0.09999999999999999
6,4,5,1,2023,0.09999999999999999
6,4,5,1,2024,0.09999999999999999
6,4,5,1,2025,0.09999999999999999
6,4,5,1,2026,0.09999999999999999
6,4,5,1,2027,0.09999999999999999
6,4,5,1,2028,0.09999999999999999
6,4,5,1,2029,0.09999999999999999
6,4,5,1,2030,0.09999999999999999
6,4,5,1,2031,0.09999999999999999
6,4,5,1,2032,0.09999999999999999
6,4,5,1,2033,0.09999999999999999
6,4,5,1,2034,0.09999999999999999
6,4,5,1,2035,0.09999999999999999
6,4,5,1,2036,0.09999999999999999
6,4,5,1,2037,0.09999999999999999
6,4,5,1,2038,0.09999999999999999
6,4,5,1,2039,0.09999999999999999
6,4,5,1,2040,0.09999999999999999
6,4,5,1,2041,0.09999999999999999
6,4,5,1,2042,0.09999999999999999
6,4,5,1,2043,0.09999999999999999
6,4,5,1,2044,0.09999999999999999
6,4,5,1,2045,0.09999999999999999
6,4,5,1,2046,0.09999999999999999
6,4,5,1,2047,0.09999999999999999
6,4,5,1,2048,0.09999999999999999
6,4,5,1,2049,0.09999999999999999
6,4,5,1,2050,0.09999999999999999
7,1,5,1,2023,0.1
7,1,5,1,2024,0.1
7,1,5,1,2025,0.1
7,1,5,1,2026,0.1
7,1,5,1,2027,0.1
7,1,5,1,2028,0.1
7,1,5,1,2029,0.1
7,1,5,1,2030,0.1
7,1,5,1,2031,0.1
7,1,5,1,2032,0.1
7,1,5,1,2033,0.1
7,1,5,1,2034,0.1
7,1,5,1,2035,0.1
7,1,5,1,2036,0.1
7,1,5,1,2037,0.1
7,1,5,1,2038,0.1
7,1,5,1,2039,0.1
7,1,5,1,2040,0.1
7,1,5,1,2041,0.1
7,1,5,1,2042,0.1
7,1,5,1,2043,0.1
7,1,5,1,2044,0.1
7,1,5,1,2045,0.1
7,1,5,1,2046,0.1
7,1,5,1,2047,0.1
7,1,5,1,2048,0.1
7,1,5,1,2049,0.1
7,1,5,1,2050,0.1
7,1,5,2,2023,0.2
7,1,5,2,2024,0.2
7,1,5,2,2025,0.2
7,1,5,2,2026,0.2
7,1,5,2,2027,0.2
7,1,5,2,2028,0.2
7,1,5,2,2029,0.2
7,1,5,2,2030,0.2
7,1,5,2,2031,0.2
7,1,5,2,2032,0.2
7,1,5,2,2033,0.2
7,1,5,2,2034,0.2
7,1,5,2,2035,0.2
7,1,5,2,2036,0.2
7,1,5,2,2037,0.2
7,1,5,2,2038,0.2
7,1,5,2,2039,0.2
7,1,5,2,2040,0.2
7,1,5,2,2041,0.2
7,1,5,2,2042,0.2
7,1,5,2,2043,0.2
7,1,5,2,2044,0.2
7,1,5,2,2045,0.2
7,1,5,2,2046,0.2
7,1,5,2,2047,0.2
7,1,5,2,2048,0.2
7,1,5,2,2049,0.2
7,1,5,2,2050,0.2
7,1,5,3,2023,0.3
7,1,5,3,2024,0.3
7,1,5,3,2025,0.3
7,1,5,3,2026,0.3
7,1,5,3,2027,0.3
7,1,5,3,2028,0.3
7,1,5,3,2029,0.3
7,1,5,3,2030,0.3
7,1,5,3,2031,0.3
7,1,5,3,2032,0.3
7,1,5,3,2033,0.3
7,1,5,3,2034,0.3
7,1,5,3,2035,0.3
7,1,5,3,2036,0.3
7,1,5,3,2037,0.3
7,1,5,3,2038,0.3
7,1,5,3,2039,0.3
7,1,5,3,2040,0.3
7,1,5,3,2041,0.3
7,1,5,3,2042,0.3
7,1,5,3,2043,0.3
7,1,5,3,2044,0.3
7,1,5,3,2045,0.3
7,1,5,3,2046,0.3
7,1,5,3,2047,0.3
7,1,5,3,2048,0.3
7,1,5,3,2049,0.3
7,1,5,3,2050,0.3
7,2,5,1,2023,999.0
7,2,5,1,2024,999.0
7,2,5,1,2025,999.0
7,2,5,1,2026,999.0
7,2,5,1,2027,999.0
7,2,5,1,2028,999.0
7,2,5,1,2029,999.0
7,2,5,1,2030,999.0
7,2,5,1,2031,999.0
7,2,5,1,2032,999.0
7,2,5,1,2033,999.0
7,2,5,1,2034,999.0
7,2,5,1,2035,999.0
7,2,5,1,2036,999.0
7,2,5,1,2037,999.0
7,2,5,1,2038,999.0
7,2,5,1,2039,999.0
7,2,5,1,2040,999.0
7,2,5,1,2041,999.0
7,2,5,1,2042,999.0
7,2,5,1,2043,999.0
7,2,5,1,2044,999.0
7,2,5,1,2045,999.0
7,2,5,1,2046,999.0
7,2,5,1,2047,999.0
7,2,5,1,2048,999.0
7,2,5,1,2049,999.0
7,2,5,1,2050,999.0
7,3,5,1,2023,0.1
7,3,5,1,2024,0.1
7,3,5,1,2025,0.1
7,3,5,1,2026,0.1
7,3,5,1,2027,0.1
7,3,5,1,2028,0.1
7,3,5,1,2029,0.1
7,3,5,1,2030,0.1
7,3,5,1,2031,0.1
7,3,5,1,2032,0.1
7,3,5,1,2033,0.1
7,3,5,1,2034,0.1
7,3,5,1,2035,0.1
7,3,5,1,2036,0.1
7,3,5,1,2037,0.1
7,3,5,1,2038,0.1
7,3,5,1,2039,0.1
7,3,5,1,2040,0.1
7,3,5,1,2041,0.1
7,3,5,1,2042,0.1
7,3,5,1,2043,0.1
7,3,5,1,2044,0.1
7,3,5,1,2045,0.1
7,3,5,1,2046,0.1
7,3,5,1,2047,0.1
7,3,5,1,2048,0.1
7,3,5,1,2049,0.1
7,3,5,1,2050,0.1
7,4,5,1,2023,0.1
7,4,5,1,2024,0.1
7,4,5,1,2025,0.1
7,4,5,1,2026,0.1
7,4,5,1,2027,0.1
7,4,5,1,2028,0.1
7,4,5,1,2029,0.1
7,4,5,1,2030,0.1
7,4,5,1,2031,0.1
7,4,5,1,2032,0.1
7,4,5,1,2033,0.1
7,4,5,1,2034,0.1
7,4,5,1,2035,0.1
7,4,5,1,2036,0.1
7,4,5,1,2037,0.1
7,4,5,1,2038,0.1
7,4,5,1,2039,0.1
7,4,5,1,2040,0.1
7,4,5,1,2041,0.1
7,4,5,1,2042,0.1
7,4,5,1,2043,0.1
7,4,5,1,2044,0.1
7,4,5,1,2045,0.1
7,4,5,1,2046,0.1
7,4,5,1,2047,0.1
7,4,5,1,2048,0.1
7,4,5,1,2049,0.1
7,4,5,1,2050,0.1
8,1,5,1,2023,0.1
8,1,5,1,2024,0.1
8,1,5,1,2025,0.1
8,1,5,1,2026,0.1
8,1,5,1,2027,0.1
8,1,5,1,2028,0.1
8,1,5,1,2029,0.1
8,1,5,1,2030,0.1
8,1,5,1,2031,0.1
8,1,5,1,2032,0.1
8,1,5,1,2033,0.1
8,1,5,1,2034,0.1
8,1,5,1,2035,0.1
8,1,5,1,2036,0.1
8,1,5,1,2037,0.1
8,1,5,1,2038,0.1
8,1,5,1,2039,0.1
8,1,5,1,2040,0.1
8,1,5,1,2041,0.1
8,1,5,1,2042,0.1
8,1,5,1,2043,0.1
8,1,5,1,2044,0.1
8,1,5,1,2045,0.1
8,1,5,1,2046,0.1
8,1,5,1,2047,0.1
8,1,5,1,2048,0.1
8,1,5,1,2049,0.1
8,1,5,1,2050,0.1
8,1,5,2,2023,0.2
8,1,5,2,2024,0.2
8,1,5,2,2025,0.2
8,1,5,2,2026,0.2
8,1,5,2,2027,0.2
8,1,5,2,2028,0.2
8,1,5,2,2029,0.2
8,1,5,2,2030,0.2
8,1,5,2,2031,0.2
8,1,5,2,2032,0.2
8,1,5,2,2033,0.2
8,1,5,2,2034,0.2
8,1,5,2,2035,0.2
8,1,5,2,2036,0.2
8,1,5,2,2037,0.2
8,1,5,2,2038,0.2
8,1,5,2,2039,0.2
8,1,5,2,2040,0.2
8,1,5,2,2041,0.2
8,1,5,2,2042,0.2
8,1,5,2,2043,0.2
8,1,5,2,2044,0.2
8,1,5,2,2045,0.2
8,1,5,2,2046,0.2
8,1,5,2,2047,0.2
8,1,5,2,2048,0.2
8,1,5,2,2049,0.2
8,1,5,2,2050,0.2
8,1,5,3,2023,0.3
8,1,5,3,2024,0.3
8,1,5,3,2025,0.3
8,1,5,3,2026,0.3
8,1,5,3,2027,0.3
8,1,5,3,2028,0.3
8,1,5,3,2029,0.3
8,1,5,3,2030,0.3
8,1,5,3,2031,0.3
8,1,5,3,2032,0.3
8,1,5,3,2033,0.3
8,1,5,3,2034,0.3
8,1,5,3,2035,0.3
8,1,5,3,2036,0.3
8,1,5,3,2037,0.3
8,1,5,3,2038,0.3
8,1,5,3,2039,0.3
8,1,5,3,2040,0.3
8,1,5,3,2041,0.3
8,1,5,3,2042,0.3
8,1,5,3,2043,0.3
8,1,5,3,2044,0.3
8,1,5,3,2045,0.3
8,1,5,3,2046,0.3
8,1,5,3,2047,0.3
8,1,5,3,2048,0.3
8,1,5,3,2049,0.3
8,1,5,3,2050,0.3
8,2,5,1,2023,999.0
8,2,5,1,2024,999.0
8,2,5,1,2025,999.0
8,2,5,1,2026,999.0
8,2,5,1,2027,999.0
8,2,5,1,2028,999.0
8,2,5,1,2029,999.0
8,2,5,1,2030,999.0
8,2,5,1,2031,999.0
8,2,5,1,2032,999.0
8,2,5,1,2033,999.0
8,2,5,1,2034,999.0
8,2,5,1,2035,999.0
8,2,5,1,2036,999.0
8,2,5,1,2037,999.0
8,2,5,1,2038,999.0
8,2,5,1,2039,999.0
8,2,5,1,2040,999.0
8,2,5,1,2041,999.0
8,2,5,1,2042,999.0
8,2,5,1,2043,999.0
8,2,5,1,2044,999.0
8,2,5,1,2045,999.0
8,2,5,1,2046,999.0
8,2,5,1,2047,999.0
8,2,5,1,2048,999.0
8,2,5,1,2049,999.0
8,2,5,1,2050,999.0
8,3,5,1,2023,0.1
8,3,5,1,2024,0.1
8,3,5,1,2025,0.1
8,3,5,1,2026,0.1
8,3,5,1,2027,0.1
8,3,5,1,2028,0.1
8,3,5,1,2029,0.1
8,3,5,1,2030,0.1
8,3,5,1,2031,0.1
8,3,5,1,2032,0.1
8,3,5,1,2033,0.1
8,3,5,1,2034,0.1
8,3,5,1,2035,0.1
8,3,5,1,2036,0.1
8,3,5,1,2037,0.1
8,3,5,1,2038,0.1
8,3,5,1,2039,0.1
8,3,5,1,2040,0.1
8,3,5,1,2041,0.1
8,3,5,1,2042,0.1
8,3,5,1,2043,0.1
8,3,5,1,2044,0.1
8,3,5,1,2045,0.1
8,3,5,1,2046,0.1
8,3,5,1,2047,0.1
8,3,5,1,2048,0.1
8,3,5,1,2049,0.1
8,3,5,1,2050,0.1
8,4,5,1,2023,0.1
8,4,5,1,2024,0.1
8,4,5,1,2025,0.1
8,4,5,1,2026,0.1
8,4,5,1,2027,0.1
8,4,5,1,2028,0.1
8,4,5,1,2029,0.1
8,4,5,1,2030,0.1
8,4,5,1,2031,0.1
8,4,5,1,2032,0.1
8,4,5,1,2033,0.1
8,4,5,1,2034,0.1
8,4,5,1,2035,0.1
8,4,5,1,2036,0.1
8,4,5,1,2037,0.1
8,4,5,1,2038,0.1
8,4,5,1,2039,0.1
8,4,5,1,2040,0.1
8,4,5,1,2041,0.1
8,4,5,1,2042,0.1
8,4,5,1,2043,0.1
8,4,5,1,2044,0.1
8,4,5,1,2045,0.1
8,4,5,1,2046,0.1
8,4,5,1,2047,0.1
8,4,5,1,2048,0.1
8,4,5,1,2049,0.1
8,4,5,1,2050,0.1
9,1,5,1,2023,0.1
9,1,5,1,2024,0.1
9,1,5,1,2025,0.1
9,1,5,1,2026,0.1
9,1,5,1,2027,0.1
9,1,5,1,2028,0.1
9,1,5,1,2029,0.1
9,1,5,1,2030,0.1
9,1,5,1,2031,0.1
9,1,5,1,2032,0.1
9,1,5,1,2033,0.1
9,1,5,1,2034,0.1
9,1,5,1,2035,0.1
9,1,5,1,2036,0.1
9,1,5,1,2037,0.1
9,1,5,1,2038,0.1
9,1,5,1,2039,0.1
9,1,5,1,2040,0.1
9,1,5,1,2041,0.1
9,1,5,1,2042,0.1
9,1,5,1,2043,0.1
9,1,5,1,2044,0.1
9,1,5,1,2045,0.1
9,1,5,1,2046,0.1
9,1,5,1,2047,0.1
9,1,5,1,2048,0.1
9,1,5,1,2049,0.1
9,1,5,1,2050,0.1
9,1,5,2,2023,0.2
9,1,5,2,2024,0.2
9,1,5,2,2025,0.2
9,1,5,2,2026,0.2
9,1,5,2,2027,0.2
9,1,5,2,2028,0.2
9,1,5,2,2029,0.2
9,1,5,2,2030,0.2
9,1,5,2,2031,0.2
9,1,5,2,2032,0.2
9,1,5,2,2033,0.2
9,1,5,2,2034,0.2
9,1,5,2,2035,0.2
9,1,5,2,2036,0.2
9,1,5,2,2037,0.2
9,1,5,2,2038,0.2
9,1,5,2,2039,0.2
9,1,5,2,2040,0.2
9,1,5,2,2041,0.2
9,1,5,2,2042,0.2
9,1,5,2,2043,0.2
9,1,5,2,2044,0.2
9,1,5,2,2045,0.2
9,1,5,2,2046,0.2
9,1,5,2,2047,0.2
9,1,5,2,2048,0.2
9,1,5,2,2049,0.2
9,1,5,2,2050,0.2
9,1,5,3,2023,0.3
9,1,5,3,2024,0.3
9,1,5,3,2025,0.3
9,1,5,3,2026,0.3
9,1,5,3,2027,0.3
9,1,5,3,2028,0.3
9,1,5,3,2029,0.3
9,1,5,3,2030,0.3
9,1,5,3,2031,0.3
9,1,5,3,2032,0.3
9,1,5,3,2033,0.3
9,1,5,3,2034,0.3
9,1,5,3,2035,0.3
9,1,5,3,2036,0.3
9,1,5,3,2037,0.3
9,1,5,3,2038,0.3
9,1,5,3,2039,0.3
9,1,5,3,2040,0.3
9,1,5,3,2041,0.3
9,1,5,3,2042,0.3
9,1,5,3,2043,0.3
9,1,5,3,2044,0.3
9,1,5,3,2045,0.3
9,1,5,3,2046,0.3
9,1,5,3,2047,0.3
9,1,5,3,2048,0.3
9,1,5,3,2049,0.3
9,1,5,3,2050,0.3
9,2,5,1,2023,999.0
9,2,5,1,2024,999.0
9,2,5,1,2025,999.0
9,2,5,1,2026,999.0
9,2,5,1,2027,999.0
9,2,5,1,2028,999.0
9,2,5,1,2029,999.0
9,2,5,1,2030,999.0
9,2,5,1,2031,999.0
9,2,5,1,2032,999.0
9,2,5,1,2033,999.0
9,2,5,1,2034,999.0
9,2,5,1,2035,999.0
9,2,5,1,2036,999.0
9,2,5,1,2037,999.0
9,2,5,1,2038,999.0
9,2,5,1,2039,999.0
9,2,5,1,2040,999.0
9,2,5,1,2041,999.0
9,2,5,1,2042,999.0
9,2,5,1,2043,999.0
9,2,5,1,2044,999.0
9,2,5,1,2045,999.0
9,2,5,1,2046,999.0
9,2,5,1,2047,999.0
9,2,5,1,2048,999.0
9,2,5,1,2049,999.0
9,2,5,1,2050,999.0
9,3,5,1,2023,0.1
9,3,5,1,2024,0.1
9,3,5,1,2025,0.1
9,3,5,1,2026,0.1
9,3,5,1,2027,0.1
9,3,5,1,2028,0.1
9,3,5,1,2029,0.1
9,3,5,1,2030,0.1
9,3,5,1,2031,0.1
9,3,5,1,2032,0.1
9,3,5,1,2033,0.1
9,3,5,1,2034,0.1
9,3,5,1,2035,0.1
9,3,5,1,2036,0.1
9,3,5,1,2037,0.1
9,3,5,1,2038,0.1
9,3,5,1,2039,0.1
9,3,5,1,2040,0.1
9,3,5,1,2041,0.1
9,3,5,1,2042,0.1
9,3,5,1,2043,0.1
9,3,5,1,2044,0.1
9,3,5,1,2045,0.1
9,3,5,1,2046,0.1
9,3,5,1,2047,0.1
9,3,5,1,2048,0.1
9,3,5,1,2049,0.1
9,3,5,1,2050,0.1
9,4,5,1,2023,0.1
9,4,5,1,2024,0.1
9,4,5,1,2025,0.1
9,4,5,1,2026,0.1
9,4,5,1,2027,0.1
9,4,5,1,2028,0.1
9,4,5,1,2029,0.1
9,4,5,1,2030,0.1
9,4,5,1,2031,0.1
9,4,5,1,2032,0.1
9,4,5,1,2033,0.1
9,4,5,1,2034,0.1
9,4,5,1,2035,0.1
9,4,5,1,2036,0.1
9,4,5,1,2037,0.1
9,4,5,1,2038,0.1
9,4,5,1,2039,0.1
9,4,5,1,2040,0.1
9,4,5,1,2041,0.1
9,4,5,1,2042,0.1
9,4,5,1,2043,0.1
9,4,5,1,2044,0.1
9,4,5,1,2045,0.1
9,4,5,1,2046,0.1
9,4,5,1,2047,0.1
9,4,5,1,2048,0.1
9,4,5,1,2049,0.1
9,4,5,1,2050,0.1
10,1,5,1,2023,0.1
10,1,5,1,2024,0.1
10,1,5,1,2025,0.1
10,1,5,1,2026,0.1
10,1,5,1,2027,0.1
10,1,5,1,2028,0.1
10,1,5,1,2029,0.1
10,1,5,1,2030,0.1
10,1,5,1,2031,0.1
10,1,5,1,2032,0.1
10,1,5,1,2033,0.1
10,1,5,1,2034,0.1
10,1,5,1,2035,0.1
10,1,5,1,2036,0.1
10,1,5,1,2037,0.1
10,1,5,1,2038,0.1
10,1,5,1,2039,0.1
10,1,5,1,2040,0.1
10,1,5,1,2041,0.1
10,1,5,1,2042,0.1
10,1,5,1,2043,0.1
10,1,5,1,2044,0.1
10,1,5,1,2045,0.1
10,1,5,1,2046,0.1
10,1,5,1,2047,0.1
10,1,5,1,2048,0.1
10,1,5,1,2049,0.1
10,1,5,1,2050,0.1
10,1,5,2,2023,0.2
10,1,5,2,2024,0.2
10,1,5,2,2025,0.2
10,1,5,2,2026,0.2
10,1,5,2,2027,0.2
10,1,5,2,2028,0.2
10,1,5,2,2029,0.2
10,1,5,2,2030,0.2
10,1,5,2,2031,0.2
10,1,5,2,2032,0.2
10,1,5,2,2033,0.2
10,1,5,2,2034,0.2
10,1,5,2,2035,0.2
10,1,5,2,2036,0.2
10,1,5,2,2037,0.2
10,1,5,2,2038,0.2
10,1,5,2,2039,0.2
10,1,5,2,2040,0.2
10,1,5,2,2041,0.2
10,1,5,2,2042,0.2
10,1,5,2,2043,0.2
10,1,5,2,2044,0.2
10,1,5,2,2045,0.2
10,1,5,2,2046,0.2
10,1,5,2,2047,0.2
10,1,5,2,2048,0.2
10,1,5,2,2049,0.2
10,1,5,2,2050,0.2
10,1,5,3,2023,0.3
10,1,5,3,2024,0.3
10,1,5,3,2025,0.3
10,1,5,3,2026,0.3
10,1,5,3,2027,0.3
10,1,5,3,2028,0.3
10,1,5,3,2029,0.3
10,1,5,3,2030,0.3
10,1,5,3,2031,0.3
10,1,5,3,2032,0.3
10,1,5,3,2033,0.3
10,1,5,3,2034,0.3
10,1,5,3,2035,0.3
10,1,5,3,2036,0.3
10,1,5,3,2037,0.3
10,1,5,3,2038,0.3
10,1,5,3,2039,0.3
10,1,5,3,2040,0.3
10,1,5,3,2041,0.3
10,1,5,3,2042,0.3
10,1,5,3,2043,0.3
10,1,5,3,2044,0.3
10,1,5,3,2045,0.3
10,1,5,3,2046,0.3
10,1,5,3,2047,0.3
10,1,5,3,2048,0.3
10,1,5,3,2049,0.3
10,1,5,3,2050,0.3
10,2,5,1,2023,999.0
10,2,5,1,2024,999.0
10,2,5,1,2025,999.0
10,2,5,1,2026,999.0
10,2,5,1,2027,999.0
10,2,5,1,2028,999.0
10,2,5,1,2029,999.0
10,2,5,1,2030,999.0
10,2,5,1,2031,999.0
10,2,5,1,2032,999.0
10,2,5,1,2033,999.0
10,2,5,1,2034,999.0
10,2,5,1,2035,999.0
10,2,5,1,2036,999.0
10,2,5,1,2037,999.0
10,2,5,1,2038,999.0
10,2,5,1,2039,999.0
10,2,5,1,2040,999.0
10,2,5,1,2041,999.0
10,2,5,1,2042,999.0
10,2,5,1,2043,999.0
10,2,5,1,2044,999.0
10,2,5,1,2045,999.0
10,2,5,1,2046,999.0
10,2,5,1,2047,999.0
10,2,5,1,2048,999.0
10,2,5,1,2049,999.0
10,2,5,1,2050,999.0
10,3,5,1,2023,0.1
10,3,5,1,2024,0.1
10,3,5,1,2025,0.1
10,3,5,1,2026,0.1
10,3,5,1,2027,0.1
10,3,5,1,2028,0.1
10,3,5,1,2029,0.1
10,3,5,1,2030,0.1
10,3,5,1,2031,0.1
10,3,5,1,2032,0.1
10,3,5,1,2033,0.1
10,3,5,1,2034,0.1
10,3,5,1,2035,0.1
10,3,5,1,2036,0.1
10,3,5,1,2037,0.1
10,3,5,1,2038,0.1
10,3,5,1,2039,0.1
10,3,5,1,2040,0.1
10,3,5,1,2041,0.1
10,3,5,1,2042,0.1
10,3,5,1,2043,0.1
10,3,5,1,2044,0.1
10,3,5,1,2045,0.1
10,3,5,1,2046,0.1
10,3,5,1,2047,0.1
10,3,5,1,2048,0.1
10,3,5,1,2049,0.1
10,3,5,1,2050,0.1
10,4,5,1,2023,0.1
10,4,5,1,2024,0.1
10,4,5,1,2025,0.1
10,4,5,1,2026,0.1
10,4,5,1,2027,0.1
10,4,5,1,2028,0.1
10,4,5,1,2029,0.1
10,4,5,1,2030,0.1
10,4,5,1,2031,0.1
10,4,5,1,2032,0.1
10,4,5,1,2033,0.1
10,4,5,1,2034,0.1
10,4,5,1,2035,0.1
10,4,5,1,2036,0.1
10,4,5,1,2037,0.1
10,4,5,1,2038,0.1
10,4,5,1,2039,0.1
10,4,5,1,2040,0.1
10,4,5,1,2041,0.1
10,4,5,1,2042,0.1
10,4,5,1,2043,0.1
10,4,5,1,2044,0.1
10,4,5,1,2045,0.1
10,4,5,1,2046,0.1
10,4,5,1,2047,0.1
10,4,5,1,2048,0.1
10,4,5,1,2049,0.1
10,4,5,1,2050,0.1
11,1,5,1,2023,0.10000000000000002
11,1,5,1,2024,0.10000000000000002
11,1,5,1,2025,0.10000000000000002
11,1,5,1,2026,0.10000000000000002
11,1,5,1,2027,0.10000000000000002
11,1,5,1,2028,0.10000000000000002
11,1,5,1,2029,0.10000000000000002
11,1,5,1,2030,0.10000000000000002
11,1,5,1,2031,0.10000000000000002
11,1,5,1,2032,0.10000000000000002
11,1,5,1,2033,0.10000000000000002
11,1,5,1,2034,0.10000000000000002
11,1,5,1,2035,0.10000000000000002
11,1,5,1,2036,0.10000000000000002
11,1,5,1,2037,0.10000000000000002
11,1,5,1,2038,0.10000000000000002
11,1,5,1,2039,0.10000000000000002
11,1,5,1,2040,0.10000000000000002
11,1,5,1,2041,0.10000000000000002
11,1,5,1,2042,0.10000000000000002
11,1,5,1,2043,0.10000000000000002
11,1,5,1,2044,0.10000000000000002
11,1,5,1,2045,0.10000000000000002
11,1,5,1,2046,0.10000000000000002
11,1,5,1,2047,0.10000000000000002
11,1,5,1,2048,0.10000000000000002
11,1,5,1,2049,0.10000000000000002
11,1,5,1,2050,0.10000000000000002
11,1,5,2,2023,0.20000000000000004
11,1,5,2,2024,0.20000000000000004
11,1,5,2,2025,0.20000000000000004
11,1,5,2,2026,0.20000000000000004
11,1,5,2,2027,0.20000000000000004
11,1,5,2,2028,0.20000000000000004
11,1,5,2,2029,0.20000000000000004
11,1,5,2,2030,0.20000000000000004
11,1,5,2,2031,0.20000000000000004
11,1,5,2,2032,0.20000000000000004
11,1,5,2,2033,0.20000000000000004
11,1,5,2,2034,0.20000000000000004
11,1,5,2,2035,0.20000000000000004
11,1,5,2,2036,0.20000000000000004
11,1,5,2,2037,0.20000000000000004
11,1,5,2,2038,0.20000000000000004
11,1,5,2,2039,0.20000000000000004
11,1,5,2,2040,0.20000000000000004
11,1,5,2,2041,0.20000000000000004
11,1,5,2,2042,0.20000000000000004
11,1,5,2,2043,0.20000000000000004
11,1,5,2,2044,0.20000000000000004
11,1,5,2,2045,0.20000000000000004
11,1,5,2,2046,0.20000000000000004
11,1,5,2,2047,0.20000000000000004
11,1,5,2,2048,0.20000000000000004
11,1,5,2,2049,0.20000000000000004
11,1,5,2,2050,0.20000000000000004
11,1,5,3,2023,0.3
11,1,5,3,2024,0.3
11,1,5,3,2025,0.3
11,1,5,3,2026,0.3
11,1,5,3,2027,0.3
11,1,5,3,2028,0.3
11,1,5,3,2029,0.3
11,1,5,3,2030,0.3
11,1,5,3,2031,0.3
11,1,5,3,2032,0.3
11,1,5,3,2033,0.3
11,1,5,3,2034,0.3
11,1,5,3,2035,0.3
11,1,5,3,2036,0.3
11,1,5,3,2037,0.3
11,1,5,3,2038,0.3
11,1,5,3,2039,0.3
11,1,5,3,2040,0.3
11,1,5,3,2041,0.3
11,1,5,3,2042,0.3
11,1,5,3,2043,0.3
11,1,5,3,2044,0.3
11,1,5,3,2045,0.3
11,1,5,3,2046,0.3
11,1,5,3,2047,0.3
11,1,5,3,2048,0.3
11,1,5,3,2049,0.3
11,1,5,3,2050,0.3
11,2,5,1,2023,999.0
11,2,5,1,2024,999.0
11,2,5,1,2025,999.0
11,2,5,1,2026,999.0
11,2,5,1,2027,999.0
11,2,5,1,2028,999.0
11,2,5,1,2029,999.0
11,2,5,1,2030,999.0
11,2,5,1,2031,999.0
11,2,5,1,2032,999.0
11,2,5,1,2033,999.0
11,2,5,1,2034,999.0
11,2,5,1,2035,999.0
11,2,5,1,2036,999.0
11,2,5,1,2037,999.0
11,2,5,1,2038,999.0
11,2,5,1,2039,999.0
11,2,5,1,2040,999.0
11,2,5,1,2041,999.0
11,2,5,1,2042,999.0
11,2,5,1,2043,999.0
11,2,5,1,2044,999.0
11,2,5,1,2045,999.0
11,2,5,1,2046,999.0
11,2,5,1,2047,999.0
11,2,5,1,2048,999.0
11,2,5,1,2049,999.0
11,2,5,1,2050,999.0
11,3,5,1,2023,0.10000000000000002
11,3,5,1,2024,0.10000000000000002
11,3,5,1,2025,0.10000000000000002
11,3,5,1,2026,0.10000000000000002
11,3,5,1,2027,0.10000000000000002
11,3,5,1,2028,0.10000000000000002
11,3,5,1,2029,0.10000000000000002
11,3,5,1,2030,0.10000000000000002
11,3,5,1,2031,0.10000000000000002
11,3,5,1,2032,0.10000000000000002
11,3,5,1,2033,0.10000000000000002
11,3,5,1,2034,0.10000000000000002
11,3,5,1,2035,0.10000000000000002
11,3,5,1,2036,0.10000000000000002
11,3,5,1,2037,0.10000000000000002
11,3,5,1,2038,0.10000000000000002
11,3,5,1,2039,0.10000000000000002
11,3,5,1,2040,0.10000000000000002
11,3,5,1,2041,0.10000000000000002
11,3,5,1,2042,0.10000000000000002
11,3,5,1,2043,0.10000000000000002
11,3,5,1,2044,0.10000000000000002
11,3,5,1,2045,0.10000000000000002
11,3,5,1,2046,0.10000000000000002
11,3,5,1,2047,0.10000000000000002
11,3,5,1,2048,0.10000000000000002
11,3,5,1,2049,0.10000000000000002
11,3,5,1,2050,0.10000000000000002
11,4,5,1,2023,0.10000000000000002
11,4,5,1,2024,0.10000000000000002
11,4,5,1,2025,0.10000000000000002
11,4,5,1,2026,0.10000000000000002
11,4,5,1,2027,0.10000000000000002
11,4,5,1,2028,0.10000000000000002
11,4,5,1,2029,0.10000000000000002
11,4,5,1,2030,0.10000000000000002
11,4,5,1,2031,0.10000000000000002
11,4,5,1,2032,0.10000000000000002
11,4,5,1,2033,0.10000000000000002
11,4,5,1,2034,0.10000000000000002
11,4,5,1,2035,0.10000000000000002
11,4,5,1,2036,0.10000000000000002
11,4,5,1,2037,0.10000000000000002
11,4,5,1,2038,0.10000000000000002
11,4,5,1,2039,0.10000000000000002
11,4,5,1,2040,0.10000000000000002
11,4,5,1,2041,0.10000000000000002
11,4,5,1,2042,0.10000000000000002
11,4,5,1,2043,0.10000000000000002
11,4,5,1,2044,0.10000000000000002
11,4,5,1,2045,0.10000000000000002
11,4,5,1,2046,0.10000000000000002
11,4,5,1,2047,0.10000000000000002
11,4,5,1,2048,0.10000000000000002
11,4,5,1,2049,0.10000000000000002
11,4,5,1,2050,0.10000000000000002
12,1,5,1,2023,0.1
12,1,5,1,2024,0.1
12,1,5,1,2025,0.1
12,1,5,1,2026,0.1
12,1,5,1,2027,0.1
12,1,5,1,2028,0.1
12,1,5,1,2029,0.1
12,1,5,1,2030,0.1
12,1,5,1,2031,0.1
12,1,5,1,2032,0.1
12,1,5,1,2033,0.1
12,1,5,1,2034,0.1
12,1,5,1,2035,0.1
12,1,5,1,2036,0.1
12,1,5,1,2037,0.1
12,1,5,1,2038,0.1
12,1,5,1,2039,0.1
12,1,5,1,2040,0.1
12,1,5,1,2041,0.1
12,1,5,1,2042,0.1
12,1,5,1,2043,0.1
12,1,5,1,2044,0.1
12,1,5,1,2045,0.1
12,1,5,1,2046,0.1
12,1,5,1,2047,0.1
12,1,5,1,2048,0.1
12,1,5,1,2049,0.1
12,1,5,1,2050,0.1
12,1,5,2,2023,0.2
12,1,5,2,2024,0.2
12,1,5,2,2025,0.2
12,1,5,2,2026,0.2
12,1,5,2,2027,0.2
12,1,5,2,2028,0.2
12,1,5,2,2029,0.2
12,1,5,2,2030,0.2
12,1,5,2,2031,0.2
12,1,5,2,2032,0.2
12,1,5,2,2033,0.2
12,1,5,2,2034,0.2
12,1,5,2,2035,0.2
12,1,5,2,2036,0.2
12,1,5,2,2037,0.2
12,1,5,2,2038,0.2
12,1,5,2,2039,0.2
12,1,5,2,2040,0.2
12,1,5,2,2041,0.2
12,1,5,2,2042,0.2
12,1,5,2,2043,0.2
12,1,5,2,2044,0.2
12,1,5,2,2045,0.2
12,1,5,2,2046,0.2
12,1,5,2,2047,0.2
12,1,5,2,2048,0.2
12,1,5,2,2049,0.2
12,1,5,2,2050,0.2
12,1,5,3,2023,0.3
12,1,5,3,2024,0.3
12,1,5,3,2025,0.3
12,1,5,3,2026,0.3
12,1,5,3,2027,0.3
12,1,5,3,2028,0.3
12,1,5,3,2029,0.3
12,1,5,3,2030,0.3
12,1,5,3,2031,0.3
12,1,5,3,2032,0.3
12,1,5,3,2033,0.3
12,1,5,3,2034,0.3
12,1,5,3,2035,0.3
12,1,5,3,2036,0.3
12,1,5,3,2037,0.3
12,1,5,3,2038,0.3
12,1,5,3,2039,0.3
12,1,5,3,2040,0.3
12,1,5,3,2041,0.3
12,1,5,3,2042,0.3
12,1,5,3,2043,0.3
12,1,5,3,2044,0.3
12,1,5,3,2045,0.3
12,1,5,3,2046,0.3
12,1,5,3,2047,0.3
12,1,5,3,2048,0.3
12,1,5,3,2049,0.3
12,1,5,3,2050,0.3
12,2,5,1,2023,999.0
12,2,5,1,2024,999.0
12,2,5,1,2025,999.0
12,2,5,1,2026,999.0
12,2,5,1,2027,999.0
12,2,5,1,2028,999.0
12,2,5,1,2029,999.0
12,2,5,1,2030,999.0
12,2,5,1,2031,999.0
12,2,5,1,2032,999.0
12,2,5,1,2033,999.0
12,2,5,1,2034,999.0
12,2,5,1,2035,999.0
12,2,5,1,2036,999.0
12,2,5,1,2037,999.0
12,2,5,1,2038,999.0
12,2,5,1,2039,999.0
12,2,5,1,2040,999.0
12,2,5,1,2041,999.0
12,2,5,1,2042,999.0
12,2,5,1,2043,999.0
12,2,5,1,2044,999.0
12,2,5,1,2045,999.0
12,2,5,1,2046,999.0
12,2,5,1,2047,999.0
12,2,5,1,2048,999.0
12,2,5,1,2049,999.0
12,2,5,1,2050,999.0
12,3,5,1,2023,0.1
12,3,5,1,2024,0.1
12,3,5,1,2025,0.1
12,3,5,1,2026,0.1
12,3,5,1,2027,0.1
12,3,5,1,2028,0.1
12,3,5,1,2029,0.1
12,3,5,1,2030,0.1
12,3,5,1,2031,0.1
12,3,5,1,2032,0.1
12,3,5,1,2033,0.1
12,3,5,1,2034,0.1
12,3,5,1,2035,0.1
12,3,5,1,2036,0.1
12,3,5,1,2037,0.1
12,3,5,1,2038,0.1
12,3,5,1,2039,0.1
12,3,5,1,2040,0.1
12,3,5,1,2041,0.1
12,3,5,1,2042,0.1
12,3,5,1,2043,0.1
12,3,5,1,2044,0.1
12,3,5,1,2045,0.1
12,3,5,1,2046,0.1
12,3,5,1,2047,0.1
12,3,5,1,2048,0.1
12,3,5,1,2049,0.1
12,3,5,1,2050,0.1
12,4,5,1,2023,0.1
12,4,5,1,2024,0.1
12,4,5,1,2025,0.1
12,4,5,1,2026,0.1
12,4,5,1,2027,0.1
12,4,5,1,2028,0.1
12,4,5,1,2029,0.1
12,4,5,1,2030,0.1
12,4,5,1,2031,0.1
12,4,5,1,2032,0.1
12,4,5,1,2033,0.1
12,4,5,1,2034,0.1
12,4,5,1,2035,0.1
12,4,5,1,2036,0.1
12,4,5,1,2037,0.1
12,4,5,1,2038,0.1
12,4,5,1,2039,0.1
12,4,5,1,2040,0.1
12,4,5,1,2041,0.1
12,4,5,1,2042,0.1
12,4,5,1,2043,0.1
12,4,5,1,2044,0.1
12,4,5,1,2045,0.1
12,4,5,1,2046,0.1
12,4,5,1,2047,0.1
12,4,5,1,2048,0.1
12,4,5,1,2049,0.1
12,4,5,1,2050,0.1
13,1,5,1,2023,0.1
13,1,5,1,2024,0.1
13,1,5,1,2025,0.1
13,1,5,1,2026,0.1
13,1,5,1,2027,0.1
13,1,5,1,2028,0.1
13,1,5,1,2029,0.1
13,1,5,1,2030,0.1
13,1,5,1,2031,0.1
13,1,5,1,2032,0.1
13,1,5,1,2033,0.1
13,1,5,1,2034,0.1
13,1,5,1,2035,0.1
13,1,5,1,2036,0.1
13,1,5,1,2037,0.1
13,1,5,1,2038,0.1
13,1,5,1,2039,0.1
13,1,5,1,2040,0.1
13,1,5,1,2041,0.1
13,1,5,1,2042,0.1
13,1,5,1,2043,0.1
13,1,5,1,2044,0.1
13,1,5,1,2045,0.1
13,1,5,1,2046,0.1
13,1,5,1,2047,0.1
13,1,5,1,2048,0.1
13,1,5,1,2049,0.1
13,1,5,1,2050,0.1
13,1,5,2,2023,0.2
13,1,5,2,2024,0.2
13,1,5,2,2025,0.2
13,1,5,2,2026,0.2
13,1,5,2,2027,0.2
13,1,5,2,2028,0.2
13,1,5,2,2029,0.2
13,1,5,2,2030,0.2
13,1,5,2,2031,0.2
13,1,5,2,2032,0.2
13,1,5,2,2033,0.2
13,1,5,2,2034,0.2
13,1,5,2,2035,0.2
13,1,5,2,2036,0.2
13,1,5,2,2037,0.2
13,1,5,2,2038,0.2
13,1,5,2,2039,0.2
13,1,5,2,2040,0.2
13,1,5,2,2041,0.2
13,1,5,2,2042,0.2
13,1,5,2,2043,0.2
13,1,5,2,2044,0.2
13,1,5,2,2045,0.2
13,1,5,2,2046,0.2
13,1,5,2,2047,0.2
13,1,5,2,2048,0.2
13,1,5,2,2049,0.2
13,1,5,2,2050,0.2
13,1,5,3,2023,0.3
13,1,5,3,2024,0.3
13,1,5,3,2025,0.3
13,1,5,3,2026,0.3
13,1,5,3,2027,0.3
13,1,5,3,2028,0.3
13,1,5,3,2029,0.3
13,1,5,3,2030,0.3
13,1,5,3,2031,0.3
13,1,5,3,2032,0.3
13,1,5,3,2033,0.3
13,1,5,3,2034,0.3
13,1,5,3,2035,0.3
13,1,5,3,2036,0.3
13,1,5,3,2037,0.3
13,1,5,3,2038,0.3
13,1,5,3,2039,0.3
13,1,5,3,2040,0.3
13,1,5,3,2041,0.3
13,1,5,3,2042,0.3
13,1,5,3,2043,0.3
13,1,5,3,2044,0.3
13,1,5,3,2045,0.3
13,1,5,3,2046,0.3
13,1,5,3,2047,0.3
13,1,5,3,2048,0.3
13,1,5,3,2049,0.3
13,1,5,3,2050,0.3
13,2,5,1,2023,999.0
13,2,5,1,2024,999.0
13,2,5,1,2025,999.0
13,2,5,1,2026,999.0
13,2,5,1,2027,999.0
13,2,5,1,2028,999.0
13,2,5,1,2029,999.0
13,2,5,1,2030,999.0
13,2,5,1,2031,999.0
13,2,5,1,2032,999.0
13,2,5,1,2033,999.0
13,2,5,1,2034,999.0
13,2,5,1,2035,999.0
13,2,5,1,2036,999.0
13,2,5,1,2037,999.0
13,2,5,1,2038,999.0
13,2,5,1,2039,999.0
13,2,5,1,2040,999.0
13,2,5,1,2041,999.0
13,2,5,1,2042,999.0
13,2,5,1,2043,999.0
13,2,5,1,2044,999.0
13,2,5,1,2045,999.0
13,2,5,1,2046,999.0
13,2,5,1,2047,999.0
13,2,5,1,2048,999.0
13,2,5,1,2049,999.0
13,2,5,1,2050,999.0
13,3,5,1,2023,0.1
13,3,5,1,2024,0.1
13,3,5,1,2025,0.1
13,3,5,1,2026,0.1
13,3,5,1,2027,0.1
13,3,5,1,2028,0.1
13,3,5,1,2029,0.1
13,3,5,1,2030,0.1
13,3,5,1,2031,0.1
13,3,5,1,2032,0.1
13,3,5,1,2033,0.1
13,3,5,1,2034,0.1
13,3,5,1,2035,0.1
13,3,5,1,2036,0.1
13,3,5,1,2037,0.1
13,3,5,1,2038,0.1
13,3,5,1,2039,0.1
13,3,5,1,2040,0.1
13,3,5,1,2041,0.1
13,3,5,1,2042,0.1
13,3,5,1,2043,0.1
13,3,5,1,2044,0.1
13,3,5,1,2045,0.1
13,3,5,1,2046,0.1
13,3,5,1,2047,0.1
13,3,5,1,2048,0.1
13,3,5,1,2049,0.1
13,3,5,1,2050,0.1
13,4,5,1,2023,0.1
13,4,5,1,2024,0.1
13,4,5,1,2025,0.1
13,4,5,1,2026,0.1
13,4,5,1,2027,0.1
13,4,5,1,2028,0.1
13,4,5,1,2029,0.1
13,4,5,1,2030,0.1
13,4,5,1,2031,0.1
13,4,5,1,2032,0.1
13,4,5,1,2033,0.1
13,4,5,1,2034,0.1
13,4,5,1,2035,0.1
13,4,5,1,2036,0.1
13,4,5,1,2037,0.1
13,4,5,1,2038,0.1
13,4,5,1,2039,0.1
13,4,5,1,2040,0.1
13,4,5,1,2041,0.1
13,4,5,1,2042,0.1
13,4,5,1,2043,0.1
13,4,5,1,2044,0.1
13,4,5,1,2045,0.1
13,4,5,1,2046,0.1
13,4,5,1,2047,0.1
13,4,5,1,2048,0.1
13,4,5,1,2049,0.1
13,4,5,1,2050,0.1
14,1,5,1,2023,0.1
14,1,5,1,2024,0.1
14,1,5,1,2025,0.1
14,1,5,1,2026,0.1
14,1,5,1,2027,0.1
14,1,5,1,2028,0.1
14,1,5,1,2029,0.1
14,1,5,1,2030,0.1
14,1,5,1,2031,0.1
14,1,5,1,2032,0.1
14,1,5,1,2033,0.1
14,1,5,1,2034,0.1
14,1,5,1,2035,0.1
14,1,5,1,2036,0.1
14,1,5,1,2037,0.1
14,1,5,1,2038,0.1
14,1,5,1,2039,0.1
14,1,5,1,2040,0.1
14,1,5,1,2041,0.1
14,1,5,1,2042,0.1
14,1,5,1,2043,0.1
14,1,5,1,2044,0.1
14,1,5,1,2045,0.1
14,1,5,1,2046,0.1
14,1,5,1,2047,0.1
14,1,5,1,2048,0.1
14,1,5,1,2049,0.1
14,1,5,1,2050,0.1
14,1,5,2,2023,0.2
14,1,5,2,2024,0.2
14,1,5,2,2025,0.2
14,1,5,2,2026,0.2
14,1,5,2,2027,0.2
14,1,5,2,2028,0.2
14,1,5,2,2029,0.2
14,1,5,2,2030,0.2
14,1,5,2,2031,0.2
14,1,5,2,2032,0.2
14,1,5,2,2033,0.2
14,1,5,2,2034,0.2
14,1,5,2,2035,0.2
14,1,5,2,2036,0.2
14,1,5,2,2037,0.2
14,1,5,2,2038,0.2
14,1,5,2,2039,0.2
14,1,5,2,2040,0.2
14,1,5,2,2041,0.2
14,1,5,2,2042,0.2
14,1,5,2,2043,0.2
14,1,5,2,2044,0.2
14,1,5,2,2045,0.2
14,1,5,2,2046,0.2
14,1,5,2,2047,0.2
14,1,5,2,2048,0.2
14,1,5,2,2049,0.2
14,1,5,2,2050,0.2
14,1,5,3,2023,0.3
14,1,5,3,2024,0.3
14,1,5,3,2025,0.3
14,1,5,3,2026,0.3
14,1,5,3,2027,0.3
14,1,5,3,2028,0.3
14,1,5,3,2029,0.3
14,1,5,3,2030,0.3
14,1,5,3,2031,0.3
14,1,5,3,2032,0.3
14,1,5,3,2033,0.3
14,1,5,3,2034,0.3
14,1,5,3,2035,0.3
14,1,5,3,2036,0.3
14,1,5,3,2037,0.3
14,1,5,3,2038,0.3
14,1,5,3,2039,0.3
14,1,5,3,2040,0.3
14,1,5,3,2041,0.3
14,1,5,3,2042,0.3
14,1,5,3,2043,0.3
14,1,5,3,2044,0.3
14,1,5,3,2045,0.3
14,1,5,3,2046,0.3
14,1,5,3,2047,0.3
14,1,5,3,2048,0.3
14,1,5,3,2049,0.3
14,1,5,3,2050,0.3
14,2,5,1,2023,999.0
14,2,5,1,2024,999.0
14,2,5,1,2025,999.0
14,2,5,1,2026,999.0
14,2,5,1,2027,999.0
14,2,5,1,2028,999.0
14,2,5,1,2029,999.0
14,2,5,1,2030,999.0
14,2,5,1,2031,999.0
14,2,5,1,2032,999.0
14,2,5,1,2033,999.0
14,2,5,1,2034,999.0
14,2,5,1,2035,999.0
14,2,5,1,2036,999.0
14,2,5,1,2037,999.0
14,2,5,1,2038,999.0
14,2,5,1,2039,999.0
14,2,5,1,2040,999.0
14,2,5,1,2041,999.0
14,2,5,1,2042,999.0
14,2,5,1,2043,999.0
14,2,5,1,2044,999.0
14,2,5,1,2045,999.0
14,2,5,1,2046,999.0
14,2,5,1,2047,999.0
14,2,5,1,2048,999.0
14,2,5,1,2049,999.0
14,2,5,1,2050,999.0
14,3,5,1,2023,0.1
14,3,5,1,2024,0.1
14,3,5,1,2025,0.1
14,3,5,1,2026,0.1
14,3,5,1,2027,0.1
14,3,5,1,2028,0.1
14,3,5,1,2029,0.1
14,3,5,1,2030,0.1
14,3,5,1,2031,0.1
14,3,5,1,2032,0.1
14,3,5,1,2033,0.1
14,3,5,1,2034,0.1
14,3,5,1,2035,0.1
14,3,5,1,2036,0.1
14,3,5,1,2037,0.1
14,3,5,1,2038,0.1
14,3,5,1,2039,0.1
14,3,5,1,2040,0.1
14,3,5,1,2041,0.1
14,3,5,1,2042,0.1
14,3,5,1,2043,0.1
14,3,5,1,2044,0.1
14,3,5,1,2045,0.1
14,3,5,1,2046,0.1
14,3,5,1,2047,0.1
14,3,5,1,2048,0.1
14,3,5,1,2049,0.1
14,3,5,1,2050,0.1
14,4,5,1,2023,0.1
14,4,5,1,2024,0.1
14,4,5,1,2025,0.1
14,4,5,1,2026,0.1
14,4,5,1,2027,0.1
14,4,5,1,2028,0.1
14,4,5,1,2029,0.1
14,4,5,1,2030,0.1
14,4,5,1,2031,0.1
14,4,5,1,2032,0.1
14,4,5,1,2033,0.1
14,4,5,1,2034,0.1
14,4,5,1,2035,0.1
14,4,5,1,2036,0.1
14,4,5,1,2037,0.1
14,4,5,1,2038,0.1
14,4,5,1,2039,0.1
14,4,5,1,2040,0.1
14,4,5,1,2041,0.1
14,4,5,1,2042,0.1
14,4,5,1,2043,0.1
14,4,5,1,2044,0.1
14,4,5,1,2045,0.1
14,4,5,1,2046,0.1
14,4,5,1,2047,0.1
14,4,5,1,2048,0.1
14,4,5,1,2049,0.1
14,4,5,1,2050,0.1
15,1,5,1,2023,0.1
15,1,5,1,2024,0.1
15,1,5,1,2025,0.1
15,1,5,1,2026,0.1
15,1,5,1,2027,0.1
15,1,5,1,2028,0.1
15,1,5,1,2029,0.1
15,1,5,1,2030,0.1
15,1,5,1,2031,0.1
15,1,5,1,2032,0.1
15,1,5,1,2033,0.1
15,1,5,1,2034,0.1
15,1,5,1,2035,0.1
15,1,5,1,2036,0.1
15,1,5,1,2037,0.1
15,1,5,1,2038,0.1
15,1,5,1,2039,0.1
15,1,5,1,2040,0.1
15,1,5,1,2041,0.1
15,1,5,1,2042,0.1
15,1,5,1,2043,0.1
15,1,5,1,2044,0.1
15,1,5,1,2045,0.1
15,1,5,1,2046,0.1
15,1,5,1,2047,0.1
15,1,5,1,2048,0.1
15,1,5,1,2049,0.1
15,1,5,1,2050,0.1
15,1,5,2,2023,0.2
15,1,5,2,2024,0.2
15,1,5,2,2025,0.2
15,1,5,2,2026,0.2
15,1,5,2,2027,0.2
15,1,5,2,2028,0.2
15,1,5,2,2029,0.2
15,1,5,2,2030,0.2
15,1,5,2,2031,0.2
15,1,5,2,2032,0.2
15,1,5,2,2033,0.2
15,1,5,2,2034,0.2
15,1,5,2,2035,0.2
15,1,5,2,2036,0.2
15,1,5,2,2037,0.2
15,1,5,2,2038,0.2
15,1,5,2,2039,0.2
15,1,5,2,2040,0.2
15,1,5,2,2041,0.2
15,1,5,2,2042,0.2
15,1,5,2,2043,0.2
15,1,5,2,2044,0.2
15,1,5,2,2045,0.2
15,1,5,2,2046,0.2
15,1,5,2,2047,0.2
15,1,5,2,2048,0.2
15,1,5,2,2049,0.2
15,1,5,2,2050,0.2
15,1,5,3,2023,0.3
15,1,5,3,2024,0.3
15,1,5,3,2025,0.3
15,1,5,3,2026,0.3
15,1,5,3,2027,0.3
15,1,5,3,2028,0.3
15,1,5,3,2029,0.3
15,1,5,3,2030,0.3
15,1,5,3,2031,0.3
15,1,5,3,2032,0.3
15,1,5,3,2033,0.3
15,1,5,3,2034,0.3
15,1,5,3,2035,0.3
15,1,5,3,2036,0.3
15,1,5,3,2037,0.3
15,1,5,3,2038,0.3
15,1,5,3,2039,0.3
15,1,5,3,2040,0.3
15,1,5,3,2041,0.3
15,1,5,3,2042,0.3
15,1,5,3,2043,0.3
15,1,5,3,2044,0.3
15,1,5,3,2045,0.3
15,1,5,3,2046,0.3
15,1,5,3,2047,0.3
15,1,5,3,2048,0.3
15,1,5,3,2049,0.3
15,1,5,3,2050,0.3
15,2,5,1,2023,999.0
15,2,5,1,2024,999.0
15,2,5,1,2025,999.0
15,2,5,1,2026,999.0
15,2,5,1,2027,999.0
15,2,5,1,2028,999.0
15,2,5,1,2029,999.0
15,2,5,1,2030,999.0
15,2,5,1,2031,999.0
15,2,5,1,2032,999.0
15,2,5,1,2033,999.0
15,2,5,1,2034,999.0
15,2,5,1,2035,999.0
15,2,5,1,2036,999.0
15,2,5,1,2037,999.0
15,2,5,1,2038,999.0
15,2,5,1,2039,999.0
15,2,5,1,2040,999.0
15,2,5,1,2041,999.0
15,2,5,1,2042,999.0
15,2,5,1,2043,999.0
15,2,5,1,2044,999.0
15,2,5,1,2045,999.0
15,2,5,1,2046,999.0
15,2,5,1,2047,999.0
15,2,5,1,2048,999.0
15,2,5,1,2049,999.0
15,2,5,1,2050,999.0
15,3,5,1,2023,0.1
15,3,5,1,2024,0.1
15,3,5,1,2025,0.1
15,3,5,1,2026,0.1
15,3,5,1,2027,0.1
15,3,5,1,2028,0.1
15,3,5,1,2029,0.1
15,3,5,1,2030,0.1
15,3,5,1,2031,0.1
15,3,5,1,2032,0.1
15,3,5,1,2033,0.1
15,3,5,1,2034,0.1
15,3,5,1,2035,0.1
15,3,5,1,2036,0.1
15,3,5,1,2037,0.1
15,3,5,1,2038,0.1
15,3,5,1,2039,0.1
15,3,5,1,2040,0.1
15,3,5,1,2041,0.1
15,3,5,1,2042,0.1
15,3,5,1,2043,0.1
15,3,5,1,2044,0.1
15,3,5,1,2045,0.1
15,3,5,1,2046,0.1
15,3,5,1,2047,0.1
15,3,5,1,2048,0.1
15,3,5,1,2049,0.1
15,3,5,1,2050,0.1
15,4,5,1,2023,0.1
15,4,5,1,2024,0.1
15,4,5,1,2025,0.1
15,4,5,1,2026,0.1
15,4,5,1,2027,0.1
15,4,5,1,2028,0.1
15,4,5,1,2029,0.1
15,4,5,1,2030,0.1
15,4,5,1,2031,0.1
15,4,5,1,2032,0.1
15,4,5,1,2033,0.1
15,4,5,1,2034,0.1
15,4,5,1,2035,0.1
15,4,5,1,2036,0.1
15,4,5,1,2037,0.1
15,4,5,1,2038,0.1
15,4,5,1,2039,0.1
15,4,5,1,2040,0.1
15,4,5,1,2041,0.1
15,4,5,1,2042,0.1
15,4,5,1,2043,0.1
15,4,5,1,2044,0.1
15,4,5,1,2045,0.1
15,4,5,1,2046,0.1
15,4,5,1,2047,0.1
15,4,5,1,2048,0.1
15,4,5,1,2049,0.1
15,4,5,1,2050,0.1
16,1,5,1,2023,0.1
16,1,5,1,2024,0.1
16,1,5,1,2025,0.1
16,1,5,1,2026,0.1
16,1,5,1,2027,0.1
16,1,5,1,2028,0.1
16,1,5,1,2029,0.1
16,1,5,1,2030,0.1
16,1,5,1,2031,0.1
16,1,5,1,2032,0.1
16,1,5,1,2033,0.1
16,1,5,1,2034,0.1
16,1,5,1,2035,0.1
16,1,5,1,2036,0.1
16,1,5,1,2037,0.1
16,1,5,1,2038,0.1
16,1,5,1,2039,0.1
16,1,5,1,2040,0.1
16,1,5,1,2041,0.1
16,1,5,1,2042,0.1
16,1,5,1,2043,0.1
16,1,5,1,2044,0.1
16,1,5,1,2045,0.1
16,1,5,1,2046,0.1
16,1,5,1,2047,0.1
16,1,5,1,2048,0.1
16,1,5,1,2049,0.1
16,1,5,1,2050,0.1
16,1,5,2,2023,0.2
16,1,5,2,2024,0.2
16,1,5,2,2025,0.2
16,1,5,2,2026,0.2
16,1,5,2,2027,0.2
16,1,5,2,2028,0.2
16,1,5,2,2029,0.2
16,1,5,2,2030,0.2
16,1,5,2,2031,0.2
16,1,5,2,2032,0.2
16,1,5,2,2033,0.2
16,1,5,2,2034,0.2
16,1,5,2,2035,0.2
16,1,5,2,2036,0.2
16,1,5,2,2037,0.2
16,1,5,2,2038,0.2
16,1,5,2,2039,0.2
16,1,5,2,2040,0.2
16,1,5,2,2041,0.2
16,1,5,2,2042,0.2
16,1,5,2,2043,0.2
16,1,5,2,2044,0.2
16,1,5,2,2045,0.2
16,1,5,2,2046,0.2
16,1,5,2,2047,0.2
16,1,5,2,2048,0.2
16,1,5,2,2049,0.2
16,1,5,2,2050,0.2
16,1,5,3,2023,0.3
16,1,5,3,2024,0.3
16,1,5,3,2025,0.3
16,1,5,3,2026,0.3
16,1,5,3,2027,0.3
16,1,5,3,2028,0.3
16,1,5,3,2029,0.3
16,1,5,3,2030,0.3
16,1,5,3,2031,0.3
16,1,5,3,2032,0.3
16,1,5,3,2033,0.3
16,1,5,3,2034,0.3
16,1,5,3,2035,0.3
16,1,5,3,2036,0.3
16,1,5,3,2037,0.3
16,1,5,3,2038,0.3
16,1,5,3,2039,0.3
16,1,5,3,2040,0.3
16,1,5,3,2041,0.3
16,1,5,3,2042,0.3
16,1,5,3,2043,0.3
16,1,5,3,2044,0.3
16,1,5,3,2045,0.3
16,1,5,3,2046,0.3
16,1,5,3,2047,0.3
16,1,5,3,2048,0.3
16,1,5,3,2049,0.3
16,1,5,3,2050,0.3
16,2,5,1,2023,999.0
16,2,5,1,2024,999.0
16,2,5,1,2025,999.0
16,2,5,1,2026,999.0
16,2,5,1,2027,999.0
16,2,5,1,2028,999.0
16,2,5,1,2029,999.0
16,2,5,1,2030,999.0
16,2,5,1,2031,999.0
16,2,5,1,2032,999.0
16,2,5,1,2033,999.0
16,2,5,1,2034,999.0
16,2,5,1,2035,999.0
16,2,5,1,2036,999.0
16,2,5,1,2037,999.0
16,2,5,1,2038,999.0
16,2,5,1,2039,999.0
16,2,5,1,2040,999.0
16,2,5,1,2041,999.0
16,2,5,1,2042,999.0
16,2,5,1,2043,999.0
16,2,5,1,2044,999.0
16,2,5,1,2045,999.0
16,2,5,1,2046,999.0
16,2,5,1,2047,999.0
16,2,5,1,2048,999.0
16,2,5,1,2049,999.0
16,2,5,1,2050,999.0
16,3,5,1,2023,0.1
16,3,5,1,2024,0.1
16,3,5,1,2025,0.1
16,3,5,1,2026,0.1
16,3,5,1,2027,0.1
16,3,5,1,2028,0.1
16,3,5,1,2029,0.1
16,3,5,1,2030,0.1
16,3,5,1,2031,0.1
16,3,5,1,2032,0.1
16,3,5,1,2033,0.1
16,3,5,1,2034,0.1
16,3,5,1,2035,0.1
16,3,5,1,2036,0.1
16,3,5,1,2037,0.1
16,3,5,1,2038,0.1
16,3,5,1,2039,0.1
16,3,5,1,2040,0.1
16,3,5,1,2041,0.1
16,3,5,1,2042,0.1
16,3,5,1,2043,0.1
16,3,5,1,2044,0.1
16,3,5,1,2045,0.1
16,3,5,1,2046,0.1
16,3,5,1,2047,0.1
16,3,5,1,2048,0.1
16,3,5,1,2049,0.1
16,3,5,1,2050,0.1
16,4,5,1,2023,0.1
16,4,5,1,2024,0.1
16,4,5,1,2025,0.1
16,4,5,1,2026,0.1
16,4,5,1,2027,0.1
16,4,5,1,2028,0.1
16,4,5,1,2029,0.1
16,4,5,1,2030,0.1
16,4,5,1,2031,0.1
16,4,5,1,2032,0.1
16,4,5,1,2033,0.1
16,4,5,1,2034,0.1
16,4,5,1,2035,0.1
16,4,5,1,2036,0.1
16,4,5,1,2037,0.1
16,4,5,1,2038,0.1
16,4,5,1,2039,0.1
16,4,5,1,2040,0.1
16,4,5,1,2041,0.1
16,4,5,1,2042,0.1
16,4,5,1,2043,0.1
16,4,5,1,2044,0.1
16,4,5,1,2045,0.1
16,4,5,1,2046,0.1
16,4,5,1,2047,0.1
16,4,5,1,2048,0.1
16,4,5,1,2049,0.1
16,4,5,1,2050,0.1
17,1,5,1,2023,0.1
17,1,5,1,2024,0.1
17,1,5,1,2025,0.1
17,1,5,1,2026,0.1
17,1,5,1,2027,0.1
17,1,5,1,2028,0.1
17,1,5,1,2029,0.1
17,1,5,1,2030,0.1
17,1,5,1,2031,0.1
17,1,5,1,2032,0.1
17,1,5,1,2033,0.1
17,1,5,1,2034,0.1
17,1,5,1,2035,0.1
17,1,5,1,2036,0.1
17,1,5,1,2037,0.1
17,1,5,1,2038,0.1
17,1,5,1,2039,0.1
17,1,5,1,2040,0.1
17,1,5,1,2041,0.1
17,1,5,1,2042,0.1
17,1,5,1,2043,0.1
17,1,5,1,2044,0.1
17,1,5,1,2045,0.1
17,1,5,1,2046,0.1
17,1,5,1,2047,0.1
17,1,5,1,2048,0.1
17,1,5,1,2049,0.1
17,1,5,1,2050,0.1
17,1,5,2,2023,0.2
17,1,5,2,2024,0.2
17,1,5,2,2025,0.2
17,1,5,2,2026,0.2
17,1,5,2,2027,0.2
17,1,5,2,2028,0.2
17,1,5,2,2029,0.2
17,1,5,2,2030,0.2
17,1,5,2,2031,0.2
17,1,5,2,2032,0.2
17,1,5,2,2033,0.2
17,1,5,2,2034,0.2
17,1,5,2,2035,0.2
17,1,5,2,2036,0.2
17,1,5,2,2037,0.2
17,1,5,2,2038,0.2
17,1,5,2,2039,0.2
17,1,5,2,2040,0.2
17,1,5,2,2041,0.2
17,1,5,2,2042,0.2
17,1,5,2,2043,0.2
17,1,5,2,2044,0.2
17,1,5,2,2045,0.2
17,1,5,2,2046,0.2
17,1,5,2,2047,0.2
17,1,5,2,2048,0.2
17,1,5,2,2049,0.2
17,1,5,2,2050,0.2
17,1,5,3,2023,0.3
17,1,5,3,2024,0.3
17,1,5,3,2025,0.3
17,1,5,3,2026,0.3
17,1,5,3,2027,0.3
17,1,5,3,2028,0.3
17,1,5,3,2029,0.3
17,1,5,3,2030,0.3
17,1,5,3,2031,0.3
17,1,5,3,2032,0.3
17,1,5,3,2033,0.3
17,1,5,3,2034,0.3
17,1,5,3,2035,0.3
17,1,5,3,2036,0.3
17,1,5,3,2037,0.3
17,1,5,3,2038,0.3
17,1,5,3,2039,0.3
17,1,5,3,2040,0.3
17,1,5,3,2041,0.3
17,1,5,3,2042,0.3
17,1,5,3,2043,0.3
17,1,5,3,2044,0.3
17,1,5,3,2045,0.3
17,1,5,3,2046,0.3
17,1,5,3,2047,0.3
17,1,5,3,2048,0.3
17,1,5,3,2049,0.3
17,1,5,3,2050,0.3
17,2,5,1,2023,999.0
17,2,5,1,2024,999.0
17,2,5,1,2025,999.0
17,2,5,1,2026,999.0
17,2,5,1,2027,999.0
17,2,5,1,2028,999.0
17,2,5,1,2029,999.0
17,2,5,1,2030,999.0
17,2,5,1,2031,999.0
17,2,5,1,2032,999.0
17,2,5,1,2033,999.0
17,2,5,1,2034,999.0
17,2,5,1,2035,999.0
17,2,5,1,2036,999.0
17,2,5,1,2037,999.0
17,2,5,1,2038,999.0
17,2,5,1,2039,999.0
17,2,5,1,2040,999.0
17,2,5,1,2041,999.0
17,2,5,1,2042,999.0
17,2,5,1,2043,999.0
17,2,5,1,2044,999.0
17,2,5,1,2045,999.0
17,2,5,1,2046,999.0
17,2,5,1,2047,999.0
17,2,5,1,2048,999.0
17,2,5,1,2049,999.0
17,2,5,1,2050,999.0
17,3,5,1,2023,0.1
17,3,5,1,2024,0.1
17,3,5,1,2025,0.1
17,3,5,1,2026,0.1
17,3,5,1,2027,0.1
17,3,5,1,2028,0.1
17,3,5,1,2029,0.1
17,3,5,1,2030,0.1
17,3,5,1,2031,0.1
17,3,5,1,2032,0.1
17,3,5,1,2033,0.1
17,3,5,1,2034,0.1
17,3,5,1,2035,0.1
17,3,5,1,2036,0.1
17,3,5,1,2037,0.1
17,3,5,1,2038,0.1
17,3,5,1,2039,0.1
17,3,5,1,2040,0.1
17,3,5,1,2041,0.1
17,3,5,1,2042,0.1
17,3,5,1,2043,0.1
17,3,5,1,2044,0.1
17,3,5,1,2045,0.1
17,3,5,1,2046,0.1
17,3,5,1,2047,0.1
17,3,5,1,2048,0.1
17,3,5,1,2049,0.1
17,3,5,1,2050,0.1
17,4,5,1,2023,0.1
17,4,5,1,2024,0.1
17,4,5,1,2025,0.1
17,4,5,1,2026,0.1
17,4,5,1,2027,0.1
17,4,5,1,2028,0.1
17,4,5,1,2029,0.1
17,4,5,1,2030,0.1
17,4,5,1,2031,0.1
17,4,5,1,2032,0.1
17,4,5,1,2033,0.1
17,4,5,1,2034,0.1
17,4,5,1,2035,0.1
17,4,5,1,2036,0.1
17,4,5,1,2037,0.1
17,4,5,1,2038,0.1
17,4,5,1,2039,0.1
17,4,5,1,2040,0.1
17,4,5,1,2041,0.1
17,4,5,1,2042,0.1
17,4,5,1,2043,0.1
17,4,5,1,2044,0.1
17,4,5,1,2045,0.1
17,4,5,1,2046,0.1
17,4,5,1,2047,0.1
17,4,5,1,2048,0.1
17,4,5,1,2049,0.1
17,4,5,1,2050,0.1
18,1,5,1,2023,0.1
18,1,5,1,2024,0.1
18,1,5,1,2025,0.1
18,1,5,1,2026,0.1
18,1,5,1,2027,0.1
18,1,5,1,2028,0.1
18,1,5,1,2029,0.1
18,1,5,1,2030,0.1
18,1,5,1,2031,0.1
18,1,5,1,2032,0.1
18,1,5,1,2033,0.1
18,1,5,1,2034,0.1
18,1,5,1,2035,0.1
18,1,5,1,2036,0.1
18,1,5,1,2037,0.1
18,1,5,1,2038,0.1
18,1,5,1,2039,0.1
18,1,5,1,2040,0.1
18,1,5,1,2041,0.1
18,1,5,1,2042,0.1
18,1,5,1,2043,0.1
18,1,5,1,2044,0.1
18,1,5,1,2045,0.1
18,1,5,1,2046,0.1
18,1,5,1,2047,0.1
18,1,5,1,2048,0.1
18,1,5,1,2049,0.1
18,1,5,1,2050,0.1
18,1,5,2,2023,0.2
18,1,5,2,2024,0.2
18,1,5,2,2025,0.2
18,1,5,2,2026,0.2
18,1,5,2,2027,0.2
18,1,5,2,2028,0.2
18,1,5,2,2029,0.2
18,1,5,2,2030,0.2
18,1,5,2,2031,0.2
18,1,5,2,2032,0.2
18,1,5,2,2033,0.2
18,1,5,2,2034,0.2
18,1,5,2,2035,0.2
18,1,5,2,2036,0.2
18,1,5,2,2037,0.2
18,1,5,2,2038,0.2
18,1,5,2,2039,0.2
18,1,5,2,2040,0.2
18,1,5,2,2041,0.2
18,1,5,2,2042,0.2
18,1,5,2,2043,0.2
18,1,5,2,2044,0.2
18,1,5,2,2045,0.2
18,1,5,2,2046,0.2
18,1,5,2,2047,0.2
18,1,5,2,2048,0.2
18,1,5,2,2049,0.2
18,1,5,2,2050,0.2
18,1,5,3,2023,0.3
18,1,5,3,2024,0.3
18,1,5,3,2025,0.3
18,1,5,3,2026,0.3
18,1,5,3,2027,0.3
18,1,5,3,2028,0.3
18,1,5,3,2029,0.3
18,1,5,3,2030,0.3
18,1,5,3,2031,0.3
18,1,5,3,2032,0.3
18,1,5,3,2033,0.3
18,1,5,3,2034,0.3
18,1,5,3,2035,0.3
18,1,5,3,2036,0.3
18,1,5,3,2037,0.3
18,1,5,3,2038,0.3
18,1,5,3,2039,0.3
18,1,5,3,2040,0.3
18,1,5,3,2041,0.3
18,1,5,3,2042,0.3
18,1,5,3,2043,0.3
18,1,5,3,2044,0.3
18,1,5,3,2045,0.3
18,1,5,3,2046,0.3
18,1,5,3,2047,0.3
18,1,5,3,2048,0.3
18,1,5,3,2049,0.3
18,1,5,3,2050,0.3
18,2,5,1,2023,999.0
18,2,5,1,2024,999.0
18,2,5,1,2025,999.0
18,2,5,1,2026,999.0
18,2,5,1,2027,999.0
18,2,5,1,2028,999.0
18,2,5,1,2029,999.0
18,2,5,1,2030,999.0
18,2,5,1,2031,999.0
18,2,5,1,2032,999.0
18,2,5,1,2033,999.0
18,2,5,1,2034,999.0
18,2,5,1,2035,999.0
18,2,5,1,2036,999.0
18,2,5,1,2037,999.0
18,2,5,1,2038,999.0
18,2,5,1,2039,999.0
18,2,5,1,2040,999.0
18,2,5,1,2041,999.0
18,2,5,1,2042,999.0
18,2,5,1,2043,999.0
18,2,5,1,2044,999.0
18,2,5,1,2045,999.0
18,2,5,1,2046,999.0
18,2,5,1,2047,999.0
18,2,5,1,2048,999.0
18,2,5,1,2049,999.0
18,2,5,1,2050,999.0
18,3,5,1,2023,0.1
18,3,5,1,2024,0.1
18,3,5,1,2025,0.1
18,3,5,1,2026,0.1
18,3,5,1,2027,0.1
18,3,5,1,2028,0.1
18,3,5,1,2029,0.1
18,3,5,1,2030,0.1
18,3,5,1,2031,0.1
18,3,5,1,2032,0.1
18,3,5,1,2033,0.1
18,3,5,1,2034,0.1
18,3,5,1,2035,0.1
18,3,5,1,2036,0.1
18,3,5,1,2037,0.1
18,3,5,1,2038,0.1
18,3,5,1,2039,0.1
18,3,5,1,2040,0.1
18,3,5,1,2041,0.1
18,3,5,1,2042,0.1
18,3,5,1,2043,0.1
18,3,5,1,2044,0.1
18,3,5,1,2045,0.1
18,3,5,1,2046,0.1
18,3,5,1,2047,0.1
18,3,5,1,2048,0.1
18,3,5,1,2049,0.1
18,3,5,1,2050,0.1
18,4,5,1,2023,0.1
18,4,5,1,2024,0.1
18,4,5,1,2025,0.1
18,4,5,1,2026,0.1
18,4,5,1,2027,0.1
18,4,5,1,2028,0.1
18,4,5,1,2029,0.1
18,4,5,1,2030,0.1
18,4,5,1,2031,0.1
18,4,5,1,2032,0.1
18,4,5,1,2033,0.1
18,4,5,1,2034,0.1
18,4,5,1,2035,0.1
18,4,5,1,2036,0.1
18,4,5,1,2037,0.1
18,4,5,1,2038,0.1
18,4,5,1,2039,0.1
18,4,5,1,2040,0.1
18,4,5,1,2041,0.1
18,4,5,1,2042,0.1
18,4,5,1,2043,0.1
18,4,5,1,2044,0.1
18,4,5,1,2045,0.1
18,4,5,1,2046,0.1
18,4,5,1,2047,0.1
18,4,5,1,2048,0.1
18,4,5,1,2049,0.1
18,4,5,1,2050,0.1
19,1,5,1,2023,0.1
19,1,5,1,2024,0.1
19,1,5,1,2025,0.1
19,1,5,1,2026,0.1
19,1,5,1,2027,0.1
19,1,5,1,2028,0.1
19,1,5,1,2029,0.1
19,1,5,1,2030,0.1
19,1,5,1,2031,0.1
19,1,5,1,2032,0.1
19,1,5,1,2033,0.1
19,1,5,1,2034,0.1
19,1,5,1,2035,0.1
19,1,5,1,2036,0.1
19,1,5,1,2037,0.1
19,1,5,1,2038,0.1
19,1,5,1,2039,0.1
19,1,5,1,2040,0.1
19,1,5,1,2041,0.1
19,1,5,1,2042,0.1
19,1,5,1,2043,0.1
19,1,5,1,2044,0.1
19,1,5,1,2045,0.1
19,1,5,1,2046,0.1
19,1,5,1,2047,0.1
19,1,5,1,2048,0.1
19,1,5,1,2049,0.1
19,1,5,1,2050,0.1
19,1,5,2,2023,0.2
19,1,5,2,2024,0.2
19,1,5,2,2025,0.2
19,1,5,2,2026,0.2
19,1,5,2,2027,0.2
19,1,5,2,2028,0.2
19,1,5,2,2029,0.2
19,1,5,2,2030,0.2
19,1,5,2,2031,0.2
19,1,5,2,2032,0.2
19,1,5,2,2033,0.2
19,1,5,2,2034,0.2
19,1,5,2,2035,0.2
19,1,5,2,2036,0.2
19,1,5,2,2037,0.2
19,1,5,2,2038,0.2
19,1,5,2,2039,0.2
19,1,5,2,2040,0.2
19,1,5,2,2041,0.2
19,1,5,2,2042,0.2
19,1,5,2,2043,0.2
19,1,5,2,2044,0.2
19,1,5,2,2045,0.2
19,1,5,2,2046,0.2
19,1,5,2,2047,0.2
19,1,5,2,2048,0.2
19,1,5,2,2049,0.2
19,1,5,2,2050,0.2
19,1,5,3,2023,0.3
19,1,5,3,2024,0.3
19,1,5,3,2025,0.3
19,1,5,3,2026,0.3
19,1,5,3,2027,0.3
19,1,5,3,2028,0.3
19,1,5,3,2029,0.3
19,1,5,3,2030,0.3
19,1,5,3,2031,0.3
19,1,5,3,2032,0.3
19,1,5,3,2033,0.3
19,1,5,3,2034,0.3
19,1,5,3,2035,0.3
19,1,5,3,2036,0.3
19,1,5,3,2037,0.3
19,1,5,3,2038,0.3
19,1,5,3,2039,0.3
19,1,5,3,2040,0.3
19,1,5,3,2041,0.3
19,1,5,3,2042,0.3
19,1,5,3,2043,0.3
19,1,5,3,2044,0.3
19,1,5,3,2045,0.3
19,1,5,3,2046,0.3
19,1,5,3,2047,0.3
19,1,5,3,2048,0.3
19,1,5,3,2049,0.3
19,1,5,3,2050,0.3
19,2,5,1,2023,999.0
19,2,5,1,2024,999.0
19,2,5,1,2025,999.0
19,2,5,1,2026,999.0
19,2,5,1,2027,999.0
19,2,5,1,2028,999.0
19,2,5,1,2029,999.0
19,2,5,1,2030,999.0
19,2,5,1,2031,999.0
19,2,5,1,2032,999.0
19,2,5,1,2033,999.0
19,2,5,1,2034,999.0
19,2,5,1,2035,999.0
19,2,5,1,2036,999.0
19,2,5,1,2037,999.0
19,2,5,1,2038,999.0
19,2,5,1,2039,999.0
19,2,5,1,2040,999.0
19,2,5,1,2041,999.0
19,2,5,1,2042,999.0
19,2,5,1,2043,999.0
19,2,5,1,2044,999.0
19,2,5,1,2045,999.0
19,2,5,1,2046,999.0
19,2,5,1,2047,999.0
19,2,5,1,2048,999.0
19,2,5,1,2049,999.0
19,2,5,1,2050,999.0
19,3,5,1,2023,0.1
19,3,5,1,2024,0.1
19,3,5,1,2025,0.1
19,3,5,1,2026,0.1
19,3,5,1,2027,0.1
19,3,5,1,2028,0.1
19,3,5,1,2029,0.1
19,3,5,1,2030,0.1
19,3,5,1,2031,0.1
19,3,5,1,2032,0.1
19,3,5,1,2033,0.1
19,3,5,1,2034,0.1
19,3,5,1,2035,0.1
19,3,5,1,2036,0.1
19,3,5,1,2037,0.1
19,3,5,1,2038,0.1
19,3,5,1,2039,0.1
19,3,5,1,2040,0.1
19,3,5,1,2041,0.1
19,3,5,1,2042,0.1
19,3,5,1,2043,0.1
19,3,5,1,2044,0.1
19,3,5,1,2045,0.1
19,3,5,1,2046,0.1
19,3,5,1,2047,0.1
19,3,5,1,2048,0.1
19,3,5,1,2049,0.1
19,3,5,1,2050,0.1
19,4,5,1,2023,0.1
19,4,5,1,2024,0.1
19,4,5,1,2025,0.1
19,4,5,1,2026,0.1
19,4,5,1,2027,0.1
19,4,5,1,2028,0.1
19,4,5,1,2029,0.1
19,4,5,1,2030,0.1
19,4,5,1,2031,0.1
19,4,5,1,2032,0.1
19,4,5,1,2033,0.1
19,4,5,1,2034,0.1
19,4,5,1,2035,0.1
19,4,5,1,2036,0.1
19,4,5,1,2037,0.1
19,4,5,1,2038,0.1
19,4,5,1,2039,0.1
19,4,5,1,2040,0.1
19,4,5,1,2041,0.1
19,4,5,1,2042,0.1
19,4,5,1,2043,0.1
19,4,5,1,2044,0.1
19,4,5,1,2045,0.1
19,4,5,1,2046,0.1
19,4,5,1,2047,0.1
19,4,5,1,2048,0.1
19,4,5,1,2049,0.1
19,4,5,1,2050,0.1
20,1,5,1,2023,0.1
20,1,5,1,2024,0.1
20,1,5,1,2025,0.1
20,1,5,1,2026,0.1
20,1,5,1,2027,0.1
20,1,5,1,2028,0.1
20,1,5,1,2029,0.1
20,1,5,1,2030,0.1
20,1,5,1,2031,0.1
20,1,5,1,2032,0.1
20,1,5,1,2033,0.1
20,1,5,1,2034,0.1
20,1,5,1,2035,0.1
20,1,5,1,2036,0.1
20,1,5,1,2037,0.1
20,1,5,1,2038,0.1
20,1,5,1,2039,0.1
20,1,5,1,2040,0.1
20,1,5,1,2041,0.1
20,1,5,1,2042,0.1
20,1,5,1,2043,0.1
20,1,5,1,2044,0.1
20,1,5,1,2045,0.1
20,1,5,1,2046,0.1
20,1,5,1,2047,0.1
20,1,5,1,2048,0.1
20,1,5,1,2049,0.1
20,1,5,1,2050,0.1
20,1,5,2,2023,0.2
20,1,5,2,2024,0.2
20,1,5,2,2025,0.2
20,1,5,2,2026,0.2
20,1,5,2,2027,0.2
20,1,5,2,2028,0.2
20,1,5,2,2029,0.2
20,1,5,2,2030,0.2
20,1,5,2,2031,0.2
20,1,5,2,2032,0.2
20,1,5,2,2033,0.2
20,1,5,2,2034,0.2
20,1,5,2,2035,0.2
20,1,5,2,2036,0.2
20,1,5,2,2037,0.2
20,1,5,2,2038,0.2
20,1,5,2,2039,0.2
20,1,5,2,2040,0.2
20,1,5,2,2041,0.2
20,1,5,2,2042,0.2
20,1,5,2,2043,0.2
20,1,5,2,2044,0.2
20,1,5,2,2045,0.2
20,1,5,2,2046,0.2
20,1,5,2,2047,0.2
20,1,5,2,2048,0.2
20,1,5,2,2049,0.2
20,1,5,2,2050,0.2
20,1,5,3,2023,0.3
20,1,5,3,2024,0.3
20,1,5,3,2025,0.3
20,1,5,3,2026,0.3
20,1,5,3,2027,0.3
20,1,5,3,2028,0.3
20,1,5,3,2029,0.3
20,1,5,3,2030,0.3
20,1,5,3,2031,0.3
20,1,5,3,2032,0.3
20,1,5,3,2033,0.3
20,1,5,3,2034,0.3
20,1,5,3,2035,0.3
20,1,5,3,2036,0.3
20,1,5,3,2037,0.3
20,1,5,3,2038,0.3
20,1,5,3,2039,0.3
20,1,5,3,2040,0.3
20,1,5,3,2041,0.3
20,1,5,3,2042,0.3
20,1,5,3,2043,0.3
20,1,5,3,2044,0.3
20,1,5,3,2045,0.3
20,1,5,3,2046,0.3
20,1,5,3,2047,0.3
20,1,5,3,2048,0.3
20,1,5,3,2049,0.3
20,1,5,3,2050,0.3
20,2,5,1,2023,999.0
20,2,5,1,2024,999.0
20,2,5,1,2025,999.0
20,2,5,1,2026,999.0
20,2,5,1,2027,999.0
20,2,5,1,2028,999.0
20,2,5,1,2029,999.0
20,2,5,1,2030,999.0
20,2,5,1,2031,999.0
20,2,5,1,2032,999.0
20,2,5,1,2033,999.0
20,2,5,1,2034,999.0
20,2,5,1,2035,999.0
20,2,5,1,2036,999.0
20,2,5,1,2037,999.0
20,2,5,1,2038,999.0
20,2,5,1,2039,999.0
20,2,5,1,2040,999.0
20,2,5,1,2041,999.0
20,2,5,1,2042,999.0
20,2,5,1,2043,999.0
20,2,5,1,2044,999.0
20,2,5,1,2045,999.0
20,2,5,1,2046,999.0
20,2,5,1,2047,999.0
20,2,5,1,2048,999.0
20,2,5,1,2049,999.0
20,2,5,1,2050,999.0
20,3,5,1,2023,0.1
20,3,5,1,2024,0.1
20,3,5,1,2025,0.1
20,3,5,1,2026,0.1
20,3,5,1,2027,0.1
20,3,5,1,2028,0.1
20,3,5,1,2029,0.1
20,3,5,1,2030,0.1
20,3,5,1,2031,0.1
20,3,5,1,2032,0.1
20,3,5,1,2033,0.1
20,3,5,1,2034,0.1
20,3,5,1,2035,0.1
20,3,5,1,2036,0.1
20,3,5,1,2037,0.1
20,3,5,1,2038,0.1
20,3,5,1,2039,0.1
20,3,5,1,2040,0.1
20,3,5,1,2041,0.1
20,3,5,1,2042,0.1
20,3,5,1,2043,0.1
20,3,5,1,2044,0.1
20,3,5,1,2045,0.1
20,3,5,1,2046,0.1
20,3,5,1,2047,0.1
20,3,5,1,2048,0.1
20,3,5,1,2049,0.1
20,3,5,1,2050,0.1
20,4,5,1,2023,0.1
20,4,5,1,2024,0.1
20,4,5,1,2025,0.1
20,4,5,1,2026,0.1
20,4,5,1,2027,0.1
20,4,5,1,2028,0.1
20,4,5,1,2029,0.1
20,4,5,1,2030,0.1
20,4,5,1,2031,0.1
20,4,5,1,2032,0.1
20,4,5,1,2033,0.1
20,4,5,1,2034,0.1
20,4,5,1,2035,0.1
20,4,5,1,2036,0.1
20,4,5,1,2037,0.1
20,4,5,1,2038,0.1
20,4,5,1,2039,0.1
20,4,5,1,2040,0.1
20,4,5,1,2041,0.1
20,4,5,1,2042,0.1
20,4,5,1,2043,0.1
20,4,5,1,2044,0.1
20,4,5,1,2045,0.1
20,4,5,1,2046,0.1
20,4,5,1,2047,0.1
20,4,5,1,2048,0.1
20,4,5,1,2049,0.1
20,4,5,1,2050,0.1
21,1,5,1,2023,0.1
21,1,5,1,2024,0.1
21,1,5,1,2025,0.1
21,1,5,1,2026,0.1
21,1,5,1,2027,0.1
21,1,5,1,2028,0.1
21,1,5,1,2029,0.1
21,1,5,1,2030,0.1
21,1,5,1,2031,0.1
21,1,5,1,2032,0.1
21,1,5,1,2033,0.1
21,1,5,1,2034,0.1
21,1,5,1,2035,0.1
21,1,5,1,2036,0.1
21,1,5,1,2037,0.1
21,1,5,1,2038,0.1
21,1,5,1,2039,0.1
21,1,5,1,2040,0.1
21,1,5,1,2041,0.1
21,1,5,1,2042,0.1
21,1,5,1,2043,0.1
21,1,5,1,2044,0.1
21,1,5,1,2045,0.1
21,1,5,1,2046,0.1
21,1,5,1,2047,0.1
21,1,5,1,2048,0.1
21,1,5,1,2049,0.1
21,1,5,1,2050,0.1
21,1,5,2,2023,0.2
21,1,5,2,2024,0.2
21,1,5,2,2025,0.2
21,1,5,2,2026,0.2
21,1,5,2,2027,0.2
21,1,5,2,2028,0.2
21,1,5,2,2029,0.2
21,1,5,2,2030,0.2
21,1,5,2,2031,0.2
21,1,5,2,2032,0.2
21,1,5,2,2033,0.2
21,1,5,2,2034,0.2
21,1,5,2,2035,0.2
21,1,5,2,2036,0.2
21,1,5,2,2037,0.2
21,1,5,2,2038,0.2
21,1,5,2,2039,0.2
21,1,5,2,2040,0.2
21,1,5,2,2041,0.2
21,1,5,2,2042,0.2
21,1,5,2,2043,0.2
21,1,5,2,2044,0.2
21,1,5,2,2045,0.2
21,1,5,2,2046,0.2
21,1,5,2,2047,0.2
21,1,5,2,2048,0.2
21,1,5,2,2049,0.2
21,1,5,2,2050,0.2
21,1,5,3,2023,0.3
21,1,5,3,2024,0.3
21,1,5,3,2025,0.3
21,1,5,3,2026,0.3
21,1,5,3,2027,0.3
21,1,5,3,2028,0.3
21,1,5,3,2029,0.3
21,1,5,3,2030,0.3
21,1,5,3,2031,0.3
21,1,5,3,2032,0.3
21,1,5,3,2033,0.3
21,1,5,3,2034,0.3
21,1,5,3,2035,0.3
21,1,5,3,2036,0.3
21,1,5,3,2037,0.3
21,1,5,3,2038,0.3
21,1,5,3,2039,0.3
21,1,5,3,2040,0.3
21,1,5,3,2041,0.3
21,1,5,3,2042,0.3
21,1,5,3,2043,0.3
21,1,5,3,2044,0.3
21,1,5,3,2045,0.3
21,1,5,3,2046,0.3
21,1,5,3,2047,0.3
21,1,5,3,2048,0.3
21,1,5,3,2049,0.3
21,1,5,3,2050,0.3
21,2,5,1,2023,999.0
21,2,5,1,2024,999.0
21,2,5,1,2025,999.0
21,2,5,1,2026,999.0
21,2,5,1,2027,999.0
21,2,5,1,2028,999.0
21,2,5,1,2029,999.0
21,2,5,1,2030,999.0
21,2,5,1,2031,999.0
21,2,5,1,2032,999.0
21,2,5,1,2033,999.0
21,2,5,1,2034,999.0
21,2,5,1,2035,999.0
21,2,5,1,2036,999.0
21,2,5,1,2037,999.0
21,2,5,1,2038,999.0
21,2,5,1,2039,999.0
21,2,5,1,2040,999.0
21,2,5,1,2041,999.0
21,2,5,1,2042,999.0
21,2,5,1,2043,999.0
21,2,5,1,2044,999.0
21,2,5,1,2045,999.0
21,2,5,1,2046,999.0
21,2,5,1,2047,999.0
21,2,5,1,2048,999.0
21,2,5,1,2049,999.0
21,2,5,1,2050,999.0
21,3,5,1,2023,0.1
21,3,5,1,2024,0.1
21,3,5,1,2025,0.1
21,3,5,1,2026,0.1
21,3,5,1,2027,0.1
21,3,5,1,2028,0.1
21,3,5,1,2029,0.1
21,3,5,1,2030,0.1
21,3,5,1,2031,0.1
21,3,5,1,2032,0.1
21,3,5,1,2033,0.1
21,3,5,1,2034,0.1
21,3,5,1,2035,0.1
21,3,5,1,2036,0.1
21,3,5,1,2037,0.1
21,3,5,1,2038,0.1
21,3,5,1,2039,0.1
21,3,5,1,2040,0.1
21,3,5,1,2041,0.1
21,3,5,1,2042,0.1
21,3,5,1,2043,0.1
21,3,5,1,2044,0.1
21,3,5,1,2045,0.1
21,3,5,1,2046,0.1
21,3,5,1,2047,0.1
21,3,5,1,2048,0.1
21,3,5,1,2049,0.1
21,3,5,1,2050,0.1
21,4,5,1,2023,0.1
21,4,5,1,2024,0.1
21,4,5,1,2025,0.1
21,4,5,1,2026,0.1
21,4,5,1,2027,0.1
21,4,5,1,2028,0.1
21,4,5,1,2029,0.1
21,4,5,1,2030,0.1
21,4,5,1,2031,0.1
21,4,5,1,2032,0.1
21,4,5,1,2033,0.1
21,4,5,1,2034,0.1
21,4,5,1,2035,0.1
21,4,5,1,2036,0.1
21,4,5,1,2037,0.1
21,4,5,1,2038,0.1
21,4,5,1,2039,0.1
21,4,5,1,2040,0.1
21,4,5,1,2041,0.1
21,4,5,1,2042,0.1
21,4,5,1,2043,0.1
21,4,5,1,2044,0.1
21,4,5,1,2045,0.1
21,4,5,1,2046,0.1
21,4,5,1,2047,0.1
21,4,5,1,2048,0.1
21,4,5,1,2049,0.1
21,4,5,1,2050,0.1
22,1,5,1,2023,0.1
22,1,5,1,2024,0.1
22,1,5,1,2025,0.1
22,1,5,1,2026,0.1
22,1,5,1,2027,0.1
22,1,5,1,2028,0.1
22,1,5,1,2029,0.1
22,1,5,1,2030,0.1
22,1,5,1,2031,0.1
22,1,5,1,2032,0.1
22,1,5,1,2033,0.1
22,1,5,1,2034,0.1
22,1,5,1,2035,0.1
22,1,5,1,2036,0.1
22,1,5,1,2037,0.1
22,1,5,1,2038,0.1
22,1,5,1,2039,0.1
22,1,5,1,2040,0.1
22,1,5,1,2041,0.1
22,1,5,1,2042,0.1
22,1,5,1,2043,0.1
22,1,5,1,2044,0.1
22,1,5,1,2045,0.1
22,1,5,1,2046,0.1
22,1,5,1,2047,0.1
22,1,5,1,2048,0.1
22,1,5,1,2049,0.1
22,1,5,1,2050,0.1
22,1,5,2,2023,0.2
22,1,5,2,2024,0.2
22,1,5,2,2025,0.2
22,1,5,2,2026,0.2
22,1,5,2,2027,0.2
22,1,5,2,2028,0.2
22,1,5,2,2029,0.2
22,1,5,2,2030,0.2
22,1,5,2,2031,0.2
22,1,5,2,2032,0.2
22,1,5,2,2033,0.2
22,1,5,2,2034,0.2
22,1,5,2,2035,0.2
22,1,5,2,2036,0.2
22,1,5,2,2037,0.2
22,1,5,2,2038,0.2
22,1,5,2,2039,0.2
22,1,5,2,2040,0.2
22,1,5,2,2041,0.2
22,1,5,2,2042,0.2
22,1,5,2,2043,0.2
22,1,5,2,2044,0.2
22,1,5,2,2045,0.2
22,1,5,2,2046,0.2
22,1,5,2,2047,0.2
22,1,5,2,2048,0.2
22,1,5,2,2049,0.2
22,1,5,2,2050,0.2
22,1,5,3,2023,0.3
22,1,5,3,2024,0.3
22,1,5,3,2025,0.3
22,1,5,3,2026,0.3
22,1,5,3,2027,0.3
22,1,5,3,2028,0.3
22,1,5,3,2029,0.3
22,1,5,3,2030,0.3
22,1,5,3,2031,0.3
22,1,5,3,2032,0.3
22,1,5,3,2033,0.3
22,1,5,3,2034,0.3
22,1,5,3,2035,0.3
22,1,5,3,2036,0.3
22,1,5,3,2037,0.3
22,1,5,3,2038,0.3
22,1,5,3,2039,0.3
22,1,5,3,2040,0.3
22,1,5,3,2041,0.3
22,1,5,3,2042,0.3
22,1,5,3,2043,0.3
22,1,5,3,2044,0.3
22,1,5,3,2045,0.3
22,1,5,3,2046,0.3
22,1,5,3,2047,0.3
22,1,5,3,2048,0.3
22,1,5,3,2049,0.3
22,1,5,3,2050,0.3
22,2,5,1,2023,999.0
22,2,5,1,2024,999.0
22,2,5,1,2025,999.0
22,2,5,1,2026,999.0
22,2,5,1,2027,999.0
22,2,5,1,2028,999.0
22,2,5,1,2029,999.0
22,2,5,1,2030,999.0
22,2,5,1,2031,999.0
22,2,5,1,2032,999.0
22,2,5,1,2033,999.0
22,2,5,1,2034,999.0
22,2,5,1,2035,999.0
22,2,5,1,2036,999.0
22,2,5,1,2037,999.0
22,2,5,1,2038,999.0
22,2,5,1,2039,999.0
22,2,5,1,2040,999.0
22,2,5,1,2041,999.0
22,2,5,1,2042,999.0
22,2,5,1,2043,999.0
22,2,5,1,2044,999.0
22,2,5,1,2045,999.0
22,2,5,1,2046,999.0
22,2,5,1,2047,999.0
22,2,5,1,2048,999.0
22,2,5,1,2049,999.0
22,2,5,1,2050,999.0
22,3,5,1,2023,0.1
22,3,5,1,2024,0.1
22,3,5,1,2025,0.1
22,3,5,1,2026,0.1
22,3,5,1,2027,0.1
22,3,5,1,2028,0.1
22,3,5,1,2029,0.1
22,3,5,1,2030,0.1
22,3,5,1,2031,0.1
22,3,5,1,2032,0.1
22,3,5,1,2033,0.1
22,3,5,1,2034,0.1
22,3,5,1,2035,0.1
22,3,5,1,2036,0.1
22,3,5,1,2037,0.1
22,3,5,1,2038,0.1
22,3,5,1,2039,0.1
22,3,5,1,2040,0.1
22,3,5,1,2041,0.1
22,3,5,1,2042,0.1
22,3,5,1,2043,0.1
22,3,5,1,2044,0.1
22,3,5,1,2045,0.1
22,3,5,1,2046,0.1
22,3,5,1,2047,0.1
22,3,5,1,2048,0.1
22,3,5,1,2049,0.1
22,3,5,1,2050,0.1
22,4,5,1,2023,0.1
22,4,5,1,2024,0.1
22,4,5,1,2025,0.1
22,4,5,1,2026,0.1
22,4,5,1,2027,0.1
22,4,5,1,2028,0.1
22,4,5,1,2029,0.1
22,4,5,1,2030,0.1
22,4,5,1,2031,0.1
22,4,5,1,2032,0.1
22,4,5,1,2033,0.1
22,4,5,1,2034,0.1
22,4,5,1,2035,0.1
22,4,5,1,2036,0.1
22,4,5,1,2037,0.1
22,4,5,1,2038,0.1
22,4,5,1,2039,0.1
22,4,5,1,2040,0.1
22,4,5,1,2041,0.1
22,4,5,1,2042,0.1
22,4,5,1,2043,0.1
22,4,5,1,2044,0.1
22,4,5,1,2045,0.1
22,4,5,1,2046,0.1
22,4,5,1,2047,0.1
22,4,5,1,2048,0.1
22,4,5,1,2049,0.1
22,4,5,1,2050,0.1
23,1,5,1,2023,0.1
23,1,5,1,2024,0.1
23,1,5,1,2025,0.1
23,1,5,1,2026,0.1
23,1,5,1,2027,0.1
23,1,5,1,2028,0.1
23,1,5,1,2029,0.1
23,1,5,1,2030,0.1
23,1,5,1,2031,0.1
23,1,5,1,2032,0.1
23,1,5,1,2033,0.1
23,1,5,1,2034,0.1
23,1,5,1,2035,0.1
23,1,5,1,2036,0.1
23,1,5,1,2037,0.1
23,1,5,1,2038,0.1
23,1,5,1,2039,0.1
23,1,5,1,2040,0.1
23,1,5,1,2041,0.1
23,1,5,1,2042,0.1
23,1,5,1,2043,0.1
23,1,5,1,2044,0.1
23,1,5,1,2045,0.1
23,1,5,1,2046,0.1
23,1,5,1,2047,0.1
23,1,5,1,2048,0.1
23,1,5,1,2049,0.1
23,1,5,1,2050,0.1
23,1,5,2,2023,0.2
23,1,5,2,2024,0.2
23,1,5,2,2025,0.2
23,1,5,2,2026,0.2
23,1,5,2,2027,0.2
23,1,5,2,2028,0.2
23,1,5,2,2029,0.2
23,1,5,2,2030,0.2
23,1,5,2,2031,0.2
23,1,5,2,2032,0.2
23,1,5,2,2033,0.2
23,1,5,2,2034,0.2
23,1,5,2,2035,0.2
23,1,5,2,2036,0.2
23,1,5,2,2037,0.2
23,1,5,2,2038,0.2
23,1,5,2,2039,0.2
23,1,5,2,2040,0.2
23,1,5,2,2041,0.2
23,1,5,2,2042,0.2
23,1,5,2,2043,0.2
23,1,5,2,2044,0.2
23,1,5,2,2045,0.2
23,1,5,2,2046,0.2
23,1,5,2,2047,0.2
23,1,5,2,2048,0.2
23,1,5,2,2049,0.2
23,1,5,2,2050,0.2
23,1,5,3,2023,0.3
23,1,5,3,2024,0.3
23,1,5,3,2025,0.3
23,1,5,3,2026,0.3
23,1,5,3,2027,0.3
23,1,5,3,2028,0.3
23,1,5,3,2029,0.3
23,1,5,3,2030,0.3
23,1,5,3,2031,0.3
23,1,5,3,2032,0.3
23,1,5,3,2033,0.3
23,1,5,3,2034,0.3
23,1,5,3,2035,0.3
23,1,5,3,2036,0.3
23,1,5,3,2037,0.3
23,1,5,3,2038,0.3
23,1,5,3,2039,0.3
23,1,5,3,2040,0.3
23,1,5,3,2041,0.3
23,1,5,3,2042,0.3
23,1,5,3,2043,0.3
23,1,5,3,2044,0.3
23,1,5,3,2045,0.3
23,1,5,3,2046,0.3
23,1,5,3,2047,0.3
23,1,5,3,2048,0.3
23,1,5,3,2049,0.3
23,1,5,3,2050,0.3
23,2,5,1,2023,999.0
23,2,5,1,2024,999.0
23,2,5,1,2025,999.0
23,2,5,1,2026,999.0
23,2,5,1,2027,999.0
23,2,5,1,2028,999.0
23,2,5,1,2029,999.0
23,2,5,1,2030,999.0
23,2,5,1,2031,999.0
23,2,5,1,2032,999.0
23,2,5,1,2033,999.0
23,2,5,1,2034,999.0
23,2,5,1,2035,999.0
23,2,5,1,2036,999.0
23,2,5,1,2037,999.0
23,2,5,1,2038,999.0
23,2,5,1,2039,999.0
23,2,5,1,2040,999.0
23,2,5,1,2041,999.0
23,2,5,1,2042,999.0
23,2,5,1,2043,999.0
23,2,5,1,2044,999.0
23,2,5,1,2045,999.0
23,2,5,1,2046,999.0
23,2,5,1,2047,999.0
23,2,5,1,2048,999.0
23,2,5,1,2049,999.0
23,2,5,1,2050,999.0
23,3,5,1,2023,0.1
23,3,5,1,2024,0.1
23,3,5,1,2025,0.1
23,3,5,1,2026,0.1
23,3,5,1,2027,0.1
23,3,5,1,2028,0.1
23,3,5,1,2029,0.1
23,3,5,1,2030,0.1
23,3,5,1,2031,0.1
23,3,5,1,2032,0.1
23,3,5,1,2033,0.1
23,3,5,1,2034,0.1
23,3,5,1,2035,0.1
23,3,5,1,2036,0.1
23,3,5,1,2037,0.1
23,3,5,1,2038,0.1
23,3,5,1,2039,0.1
23,3,5,1,2040,0.1
23,3,5,1,2041,0.1
23,3,5,1,2042,0.1
23,3,5,1,2043,0.1
23,3,5,1,2044,0.1
23,3,5,1,2045,0.1
23,3,5,1,2046,0.1
23,3,5,1,2047,0.1
23,3,5,1,2048,0.1
23,3,5,1,2049,0.1
23,3,5,1,2050,0.1
23,4,5,1,2023,0.1
23,4,5,1,2024,0.1
23,4,5,1,2025,0.1
23,4,5,1,2026,0.1
23,4,5,1,2027,0.1
23,4,5,1,2028,0.1
23,4,5,1,2029,0.1
23,4,5,1,2030,0.1
23,4,5,1,2031,0.1
23,4,5,1,2032,0.1
23,4,5,1,2033,0.1
23,4,5,1,2034,0.1
23,4,5,1,2035,0.1
23,4,5,1,2036,0.1
23,4,5,1,2037,0.1
23,4,5,1,2038,0.1
23,4,5,1,2039,0.1
23,4,5,1,2040,0.1
23,4,5,1,2041,0.1
23,4,5,1,2042,0.1
23,4,5,1,2043,0.1
23,4,5,1,2044,0.1
23,4,5,1,2045,0.1
23,4,5,1,2046,0.1
23,4,5,1,2047,0.1
23,4,5,1,2048,0.1
23,4,5,1,2049,0.1
23,4,5,1,2050,0.1
24,1,5,1,2023,0.1
24,1,5,1,2024,0.1
24,1,5,1,2025,0.1
24,1,5,1,2026,0.1
24,1,5,1,2027,0.1
24,1,5,1,2028,0.1
24,1,5,1,2029,0.1
24,1,5,1,2030,0.1
24,1,5,1,2031,0.1
24,1,5,1,2032,0.1
24,1,5,1,2033,0.1
24,1,5,1,2034,0.1
24,1,5,1,2035,0.1
24,1,5,1,2036,0.1
24,1,5,1,2037,0.1
24,1,5,1,2038,0.1
24,1,5,1,2039,0.1
24,1,5,1,2040,0.1
24,1,5,1,2041,0.1
24,1,5,1,2042,0.1
24,1,5,1,2043,0.1
24,1,5,1,2044,0.1
24,1,5,1,2045,0.1
24,1,5,1,2046,0.1
24,1,5,1,2047,0.1
24,1,5,1,2048,0.1
24,1,5,1,2049,0.1
24,1,5,1,2050,0.1
24,1,5,2,2023,0.2
24,1,5,2,2024,0.2
24,1,5,2,2025,0.2
24,1,5,2,2026,0.2
24,1,5,2,2027,0.2
24,1,5,2,2028,0.2
24,1,5,2,2029,0.2
24,1,5,2,2030,0.2
24,1,5,2,2031,0.2
24,1,5,2,2032,0.2
24,1,5,2,2033,0.2
24,1,5,2,2034,0.2
24,1,5,2,2035,0.2
24,1,5,2,2036,0.2
24,1,5,2,2037,0.2
24,1,5,2,2038,0.2
24,1,5,2,2039,0.2
24,1,5,2,2040,0.2
24,1,5,2,2041,0.2
24,1,5,2,2042,0.2
24,1,5,2,2043,0.2
24,1,5,2,2044,0.2
24,1,5,2,2045,0.2
24,1,5,2,2046,0.2
24,1,5,2,2047,0.2
24,1,5,2,2048,0.2
24,1,5,2,2049,0.2
24,1,5,2,2050,0.2
24,1,5,3,2023,0.3
24,1,5,3,2024,0.3
24,1,5,3,2025,0.3
24,1,5,3,2026,0.3
24,1,5,3,2027,0.3
24,1,5,3,2028,0.3
24,1,5,3,2029,0.3
24,1,5,3,2030,0.3
24,1,5,3,2031,0.3
24,1,5,3,2032,0.3
24,1,5,3,2033,0.3
24,1,5,3,2034,0.3
24,1,5,3,2035,0.3
24,1,5,3,2036,0.3
24,1,5,3,2037,0.3
24,1,5,3,2038,0.3
24,1,5,3,2039,0.3
24,1,5,3,2040,0.3
24,1,5,3,2041,0.3
24,1,5,3,2042,0.3
24,1,5,3,2043,0.3
24,1,5,3,2044,0.3
24,1,5,3,2045,0.3
24,1,5,3,2046,0.3
24,1,5,3,2047,0.3
24,1,5,3,2048,0.3
24,1,5,3,2049,0.3
24,1,5,3,2050,0.3
24,2,5,1,2023,999.0
24,2,5,1,2024,999.0
24,2,5,1,2025,999.0
24,2,5,1,2026,999.0
24,2,5,1,2027,999.0
24,2,5,1,2028,999.0
24,2,5,1,2029,999.0
24,2,5,1,2030,999.0
24,2,5,1,2031,999.0
24,2,5,1,2032,999.0
24,2,5,1,2033,999.0
24,2,5,1,2034,999.0
24,2,5,1,2035,999.0
24,2,5,1,2036,999.0
24,2,5,1,2037,999.0
24,2,5,1,2038,999.0
24,2,5,1,2039,999.0
24,2,5,1,2040,999.0
24,2,5,1,2041,999.0
24,2,5,1,2042,999.0
24,2,5,1,2043,999.0
24,2,5,1,2044,999.0
24,2,5,1,2045,999.0
24,2,5,1,2046,999.0
24,2,5,1,2047,999.0
24,2,5,1,2048,999.0
24,2,5,1,2049,999.0
24,2,5,1,2050,999.0
24,3,5,1,2023,0.1
24,3,5,1,2024,0.1
24,3,5,1,2025,0.1
24,3,5,1,2026,0.1
24,3,5,1,2027,0.1
24,3,5,1,2028,0.1
24,3,5,1,2029,0.1
24,3,5,1,2030,0.1
24,3,5,1,2031,0.1
24,3,5,1,2032,0.1
24,3,5,1,2033,0.1
24,3,5,1,2034,0.1
24,3,5,1,2035,0.1
24,3,5,1,2036,0.1
24,3,5,1,2037,0.1
24,3,5,1,2038,0.1
24,3,5,1,2039,0.1
24,3,5,1,2040,0.1
24,3,5,1,2041,0.1
24,3,5,1,2042,0.1
24,3,5,1,2043,0.1
24,3,5,1,2044,0.1
24,3,5,1,2045,0.1
24,3,5,1,2046,0.1
24,3,5,1,2047,0.1
24,3,5,1,2048,0.1
24,3,5,1,2049,0.1
24,3,5,1,2050,0.1
24,4,5,1,2023,0.1
24,4,5,1,2024,0.1
24,4,5,1,2025,0.1
24,4,5,1,2026,0.1
24,4,5,1,2027,0.1
24,4,5,1,2028,0.1
24,4,5,1,2029,0.1
24,4,5,1,2030,0.1
24,4,5,1,2031,0.1
24,4,5,1,2032,0.1
24,4,5,1,2033,0.1
24,4,5,1,2034,0.1
24,4,5,1,2035,0.1
24,4,5,1,2036,0.1
24,4,5,1,2037,0.1
24,4,5,1,2038,0.1
24,4,5,1,2039,0.1
24,4,5,1,2040,0.1
24,4,5,1,2041,0.1
24,4,5,1,2042,0.1
24,4,5,1,2043,0.1
24,4,5,1,2044,0.1
24,4,5,1,2045,0.1
24,4,5,1,2046,0.1
24,4,5,1,2047,0.1
24,4,5,1,2048,0.1
24,4,5,1,2049,0.1
24,4,5,1,2050,0.1
25,1,5,1,2023,0.1
25,1,5,1,2024,0.1
25,1,5,1,2025,0.1
25,1,5,1,2026,0.1
25,1,5,1,2027,0.1
25,1,5,1,2028,0.1
25,1,5,1,2029,0.1
25,1,5,1,2030,0.1
25,1,5,1,2031,0.1
25,1,5,1,2032,0.1
25,1,5,1,2033,0.1
25,1,5,1,2034,0.1
25,1,5,1,2035,0.1
25,1,5,1,2036,0.1
25,1,5,1,2037,0.1
25,1,5,1,2038,0.1
25,1,5,1,2039,0.1
25,1,5,1,2040,0.1
25,1,5,1,2041,0.1
25,1,5,1,2042,0.1
25,1,5,1,2043,0.1
25,1,5,1,2044,0.1
25,1,5,1,2045,0.1
25,1,5,1,2046,0.1
25,1,5,1,2047,0.1
25,1,5,1,2048,0.1
25,1,5,1,2049,0.1
25,1,5,1,2050,0.1
25,1,5,2,2023,0.2
25,1,5,2,2024,0.2
25,1,5,2,2025,0.2
25,1,5,2,2026,0.2
25,1,5,2,2027,0.2
25,1,5,2,2028,0.2
25,1,5,2,2029,0.2
25,1,5,2,2030,0.2
25,1,5,2,2031,0.2
25,1,5,2,2032,0.2
25,1,5,2,2033,0.2
25,1,5,2,2034,0.2
25,1,5,2,2035,0.2
25,1,5,2,2036,0.2
25,1,5,2,2037,0.2
25,1,5,2,2038,0.2
25,1,5,2,2039,0.2
25,1,5,2,2040,0.2
25,1,5,2,2041,0.2
25,1,5,2,2042,0.2
25,1,5,2,2043,0.2
25,1,5,2,2044,0.2
25,1,5,2,2045,0.2
25,1,5,2,2046,0.2
25,1,5,2,2047,0.2
25,1,5,2,2048,0.2
25,1,5,2,2049,0.2
25,1,5,2,2050,0.2
25,1,5,3,2023,0.3
25,1,5,3,2024,0.3
25,1,5,3,2025,0.3
25,1,5,3,2026,0.3
25,1,5,3,2027,0.3
25,1,5,3,2028,0.3
25,1,5,3,2029,0.3
25,1,5,3,2030,0.3
25,1,5,3,2031,0.3
25,1,5,3,2032,0.3
25,1,5,3,2033,0.3
25,1,5,3,2034,0.3
25,1,5,3,2035,0.3
25,1,5,3,2036,0.3
25,1,5,3,2037,0.3
25,1,5,3,2038,0.3
25,1,5,3,2039,0.3
25,1,5,3,2040,0.3
25,1,5,3,2041,0.3
25,1,5,3,2042,0.3
25,1,5,3,2043,0.3
25,1,5,3,2044,0.3
25,1,5,3,2045,0.3
25,1,5,3,2046,0.3
25,1,5,3,2047,0.3
25,1,5,3,2048,0.3
25,1,5,3,2049,0.3
25,1,5,3,2050,0.3
25,2,5,1,2023,999.0
25,2,5,1,2024,999.0
25,2,5,1,2025,999.0
25,2,5,1,2026,999.0
25,2,5,1,2027,999.0
25,2,5,1,2028,999.0
25,2,5,1,2029,999.0
25,2,5,1,2030,999.0
25,2,5,1,2031,999.0
25,2,5,1,2032,999.0
25,2,5,1,2033,999.0
25,2,5,1,2034,999.0
25,2,5,1,2035,999.0
25,2,5,1,2036,999.0
25,2,5,1,2037,999.0
25,2,5,1,2038,999.0
25,2,5,1,2039,999.0
25,2,5,1,2040,999.0
25,2,5,1,2041,999.0
25,2,5,1,2042,999.0
25,2,5,1,2043,999.0
25,2,5,1,2044,999.0
25,2,5,1,2045,999.0
25,2,5,1,2046,999.0
25,2,5,1,2047,999.0
25,2,5,1,2048,999.0
25,2,5,1,2049,999.0
25,2,5,1,2050,999.0
25,3,5,1,2023,0.1
25,3,5,1,2024,0.1
25,3,5,1,2025,0.1
25,3,5,1,2026,0.1
25,3,5,1,2027,0.1
25,3,5,1,2028,0.1
25,3,5,1,2029,0.1
25,3,5,1,2030,0.1
25,3,5,1,2031,0.1
25,3,5,1,2032,0.1
25,3,5,1,2033,0.1
25,3,5,1,2034,0.1
25,3,5,1,2035,0.1
25,3,5,1,2036,0.1
25,3,5,1,2037,0.1
25,3,5,1,2038,0.1
25,3,5,1,2039,0.1
25,3,5,1,2040,0.1
25,3,5,1,2041,0.1
25,3,5,1,2042,0.1
25,3,5,1,2043,0.1
25,3,5,1,2044,0.1
25,3,5,1,2045,0.1
25,3,5,1,2046,0.1
25,3,5,1,2047,0.1
25,3,5,1,2048,0.1
25,3,5,1,2049,0.1
25,3,5,1,2050,0.1
25,4,5,1,2023,0.1
25,4,5,1,2024,0.1
25,4,5,1,2025,0.1
25,4,5,1,2026,0.1
25,4,5,1,2027,0.1
25,4,5,1,2028,0.1
25,4,5,1,2029,0.1
25,4,5,1,2030,0.1
25,4,5,1,2031,0.1
25,4,5,1,2032,0.1
25,4,5,1,2033,0.1
25,4,5,1,2034,0.1
25,4,5,1,2035,0.1
25,4,5,1,2036,0.1
25,4,5,1,2037,0.1
25,4,5,1,2038,0.1
25,4,5,1,2039,0.1
25,4,5,1,2040,0.1
25,4,5,1,2041,0.1
25,4,5,1,2042,0.1
25,4,5,1,2043,0.1
25,4,5,1,2044,0.1
25,4,5,1,2045,0.1
25,4,5,1,2046,0.1
25,4,5,1,2047,0.1
25,4,5,1,2048,0.1
25,4,5,1,2049,0.1
25,4,5,1,2050,0.1
